Product Title,Price,Brand,Operating System,RAM,CPU Model,CPU Speed,Memory Storage,Screen Size,Resolution,Model Name,Wireless Carrier,URL
"Samsung Galaxy A16 5G A Series, Unlocked Android Smartphone, Large AMOLED Display, Durable Design, Super Fast Charging, Expandable Storage, 5G Connectivity, US Version, 2025, Blue Black",$174.99,Samsung,"Android 14, One UI",4 GB,Others,2.4 GHz,128 GB,6.7 Inches,1880 x 2340,Galaxy A16,Unlocked for All Carriers,https://www.amazon.com/SAMSUNG-Unlocked-Smartphone-Charging-Expandable/dp/B0DLHNWHRF/ref=sr_1_1
"Samsung Galaxy S25 Ultra, 512GB Smartphone, Unlocked Android, AI Night Mode Camera, Snapdragon 8 Elite Fast Processor, 5000mAh Battery, Built-in S Pen, 2025, US 1 Yr Warranty, Titanium Black","$1,219.99",Samsung,"One UI 7, Android 15",12 GB,Snapdragon,3.5 GHz,512 GB,6.9 Inches,2560 x 1440,Samsung Galaxy S25 Ultra,Unlocked for All Carriers,https://www.amazon.com/Smartphone-Unlocked-Processor-Manufacturer-Warranty/dp/B0DP3G4GVQ/ref=sr_1_2
Motorola Moto G 5G | 2024 | Unlocked | Made for US 4/128GB | 50MP Camera | Sage Green,$163.83,Motorola,Android 14,4 GB,Others,"1.8, 2.0 GHz",128 GB,6.6 Inches,1612x720,Moto G 5G 2024,,https://www.amazon.com/Moto-Unlocked-128GB-Camera-Green/dp/B0CWHXVLXG/ref=sr_1_3
Tracfone | Motorola Moto g Play 2024 | Locked | 64GB | 5000mAh Battery | 50MP Quad Pixel Camera | 6.5-in. HD+ 90Hz Display | Sapphire Blue,$39.88,TracFone,Android 13.0,4 GB,,,4 GB,6.53 Inches,1600 x 720 pixels,Moto G Play,Tracfone,https://www.amazon.com/Tracfone-Motorola-5000mAh-Battery-Sapphire/dp/B0CTW8TXGH/ref=sr_1_4
"Samsung Galaxy A36 5G A Series, 128GB Unlocked Android Smartphone, AMOLED Display, Rugged Design, 5G Connectivity, Affordable Performance, US Version, 2025, US 1 Yr Warranty, Awesome Lavender",$391.83,Samsung,"ONE UI 6.0, Android 14",6 GB,Snapdragon,,128 GB,6.6 Inches,,Galaxy A36,Unlocked for All Carriers,https://www.amazon.com/A36-Unlocked-Smartphone-Manufacturer-Warranty/dp/B0DXHKH86B/ref=sr_1_5
Reno 11 Pro 8GB+256GB Unlocked Android Phone 50MP+13MP Unlocked Cell Phone 6000 mAh Large Battery Camera Smartphone 4G Dual SIM (Jade Green),$99.99,XUANMEIKE,,,,,,,,,,https://www.amazon.com/Reno-11-Pro-Unlocked-Smartphone/dp/B0DYJSM5WP/ref=sr_1_6
"TCL 60 XE NXTPAPER 5G Cell Phone, 256GB Unlocked Android Smartphone, 6.8"" 120Hz Paper-Like Display, AI Features, 5010mAh Battery, 8GB RAM + 8GB Expansion, Advanced Camera System, Space Blue",$262.19,TCL,Android 15,8 GB,,2.4 GHz,256 GB,6.8 Inches,1080 x 2460,TCL Cell Phone,Unlocked,https://www.amazon.com/TCL-NXTPAPER-Smartphone-Paper-Like-Expansion/dp/B0F62PFJGN/ref=sr_1_7
"SAMSUNG Galaxy A16 4G LTE (128GB + 4GB) International Model SM-A165F/DS Factory Unlocked 6.7"" Dual Sim 50MP Dual Cam (Case Bundle) (Gray)",$131.99,Samsung,Android,4 GB,MediaTek Helio,2 GHz,128 GB,6.7 Inches,1080 x 2340,Samsung Galaxy A16,Unlocked,https://www.amazon.com/SAMSUNG-International-SM-A165F-DS-Unlocked/dp/B0DT4T8D65/ref=sr_1_8
"SAMSUNG Galaxy A05 (128GB, 4GB) 6.7"" Dual SIM GSM Unlocked Global 4G LTE A055M/DS (Light Green)",$109.50,Samsung,Android 13.0,4 GB,MediaTek Helio,2 GHz,128 GB,6.7 Inches,720 x 1600,Galaxy A05,Unlocked,https://www.amazon.com/SAMSUNG-Galaxy-A05-Unlocked-Global/dp/B0CRSLXF34/ref=sr_1_9
"Cheap Mobile Phones, 5.0"" IPS Display, Android 9.0, Dual SIM Dual Camera, Quad Core, 16GB ROM【Expandable up to 128GB】, Support WiFi/Bluetooth/FM, Face Unlocked Phones (Reno9pro-Black)",$49.99,TalkCeLL,Android 9.0,1 GB,,,16 GB,5 Inches,,TalkCeLL Reno9pro,T-Mobile,https://www.amazon.com/Display-ROM%E3%80%90Expandable-Bluetooth-Unlocked-Reno9pro-Black/dp/B0DPQ9Z7DW/ref=sr_1_10
"AMSUNG Galaxy A16 5G Dual SIM (128GB, 2025) 6.7"" 90Hz AMOLED, Water Resistant, 8Core, 50MP Camera (Factory Unlocked International Model for GSM, Global) A166M/DS Blue Black",$147.67,Samsung,"Android 14, One UI",4 GB,MediaTek Helio,2.03 GHz,4 GB,6.7 Inches,1080 x 2340,Galaxy A16,Unlocked for All Carriers,https://www.amazon.com/AMSUNG-Resistant-Factory-Unlocked-International/dp/B0DT1KMCXP/ref=sr_1_11
"Samsung Galaxy Z Fold 6, 512GB Unlocked Android Smartphone, Circle to Search, Hands-Free Interpreter, AI Photo Edits, Foldable Display for Multitasking, 2024, US 1 Yr Warranty, Pink","$1,619.99",Samsung,"OneUI 6.1, Android 14",12 GB,,3.4 GHz,512 GB,7.6 Inches,,Galaxy Z Fold6,Unlocked for All Carriers,https://www.amazon.com/SAMSUNG-Smartphone-Handsfree-Interpreter-Manufacturer/dp/B0D192ZJ98/ref=sr_1_12
Nokia 105 4G | Dual SIM | GSM Unlocked Mobile Phone | Volte | Charcoal | International Version | Not AT&T/Cricket/Verizon Compatible,$34.99,Nokia,S30+​,128 MB,,,128 MB,1.8 Inches,160 x 120,105 4G,Unlocked,https://www.amazon.com/Nokia-Unlocked-Charcoal-International-Compatible/dp/B0D1DN7HMG/ref=sr_1_13
"Samsung Galaxy A15 (SM-155M/DSN), 128GB 6GB RAM, Dual SIM, Factory Unlocked GSM, International Version (Wall Charger Bundle) (Light Blue)",Samsung Galaxy A15 A155M 128GB Dual-SIM GSM Unlocked Android Smartphone (Latin America Version) - Blue Black,Samsung,Android 13.0,6 GB,MediaTek Helio,2 GHz,128 GB,6.5 Inches,1080 x 2340,,Unlocked,https://www.amazon.com/Samsung-SM-155M-DSN-Unlocked-International/dp/B0CSB22F9C/ref=sr_1_14
"Google Pixel 7 Pro - 5G Android Phone - Unlocked Smartphone with Telephoto/Wide Angle Lens, and 24-Hour Battery - 128GB - Obsidian",$395.99,Google,Android 13.0,12 GB,,,128 GB,6.7 Inches,3840 x 2160,Pixel 7 Pro,Unlocked for All Carriers,https://www.amazon.com/Google-Pixel-Pro-Smartphone-Telephoto/dp/B0BCQWYR2Z/ref=sr_1_15
Nokia 2780 Flip | Unlocked | Universally Compatible with All Mobile Carriers | Black,,Nokia,KaiOS,512 MB,Others,1.3 GHz,4 GB,2.7 Inches,240 x 320,2780,,https://www.amazon.com/Nokia-Unlocked-Universally-Compatible-Carriers/dp/B0D3RWZ39S/ref=sr_1_16
"Motorola XT2413-3 Moto g Play 2024 6.5"" 64GB 4GB RAM Sapphire Blue LTE AT&T Prepaid Smartphone",$74.72,Motorola,Android,4 GB,,,64 GB,6.5 Inches,,Moto G Play 2024,AT&T,https://www.amazon.com/Motorola-XT2413-3-Sapphire-Prepaid-Smartphone/dp/B0F6CRZDWM/ref=sr_1_17
Samsung Galaxy A05 A055M 64GB Dual-SIM GSM Unlocked Android Smartphone (Latin America Version) - Black,"SAMSUNG Galaxy A05 (SM-A055M/DS), 128GB 4GB RAM, Dual SIM, Factory Unlocked GSM, International Version (Wall Charger Bundle) - (Black)",Samsung,Android 13.0,4 GB,MediaTek Helio,2 GHz,64 GB,6.7 Inches,720 x 1600,A055M,Unlocked,https://www.amazon.com/Samsung-Dual-SIM-Unlocked-Android-Smartphone/dp/B0CRWT7WF1/ref=sr_1_18
"Motorola razr | 2023 | Unlocked | Made for US 8/128 | 32MP Camera | Summer Lilac, 73.95 x 170.82 x 7.35mm",Motorola razr | 2024 | Unlocked | Made for US 8/256GB | 50MP Camera | Spritz Orange,Motorola,Android 13.0,8 GB,Snapdragon,2 GHz,8 GB,6.9 Inches,"Main display: FHD+ (2640 x 1080), External display: 194 x 368",Motorola razr 2023,,https://www.amazon.com/Motorola-Unlocked-Camera-Summer-170-82/dp/B0CGWF3F64/ref=sr_1_19
Motorola Moto G Stylus 5G | 2024 | Unlocked | Made for US 8/256GB | 50MP Camera | Scarlet Wave,$370.36,Motorola,Android 14,8 GB,Snapdragon,,256 GB,6.7 Inches,2160 x 1080,Moto G Stylus 5G,Unlocked,https://www.amazon.com/Stylus-Unlocked-256GB-Camera-Scarlet/dp/B0D5PFR7DK/ref=sr_1_20
"8849 Tank 3 Pro Rugged Smartphone Unlocked, Android 14 Waterproof Rugged Cell Phone with Projector, 6.79"" 23800mAh 5G Mobile Phones 32GB RAM 512GB ROM, Dual SIM/Camping Light/2TB Expand/OTG/GPS",$629.99,8849,Android 14,16 GB,,,512 GB,6.79 Inches,2460 x 1080,TANK3 PRO,T-Mobile,https://www.amazon.com/8849-Smartphone-Unlocked-Waterproof-Projector/dp/B0DK5GPVBZ/ref=sr_1_21
"SAMSUNG Galaxy A16 5G (SM-A166M/DS), 256GB 8GB RAM, Dual SIM, Factory Unlocked GSM, International Version (25W Power Adapter Bundle) - (Light Green)",$184.95,Samsung,Android,8 GB,1.2GHz Cortex A13 Processor,4 GHz,256 GB,6.7 Inches,1080 x 2340,Samsung Galaxy A16 5G,Unlocked,https://www.amazon.com/SAMSUNG-SM-A166M-DS-Unlocked-International/dp/B0DK9VWMNH/ref=sr_1_22
Motorola Edge 2025 | Unlocked | Made for US 8/256GB | 50MP Camera | Pantone Deep Forest,$549.99,Motorola,Android 15,8 GB,,,8 GB,6.7 Inches,2712x1220,Motorola edge 2025,Unlocked,https://www.amazon.com/Motorola-Unlocked-Camera-Pantone-Forest/dp/B0F2GQTBQF/ref=sr_1_23
"I17 Pro Max Cell Phones Unlocked,Android 15 Phone 12GB+256GB/1TB Expandable,6.8 Inch Screen 7800mAh Battery 108MP Camera Dual SIM Smartphone NFC/GPS/Face ID/Fingerprint Unlock",$119.99,ACCOF,Android 15,12 GB,,,128 GB,6.8 Inches,,I17 Pro Max,Unlocked,https://www.amazon.com/ACCOF-I17-Pro-Max-Fingerprint/dp/B0F53ZXNMZ/ref=sr_1_24
"REDMAGIC 10 Pro Smartphone 5G, 144Hz Gaming Phone, 6.8"" FHD+ Screen, Under Display Camera, 7050mAh Android Phone, Snapdragon 8 Elite, 12+256GB, 80W Charger, Dual-Sim, US Unlocked Cell Phone Black",$749.00,REDMAGIC,Android 15.0,12 GB,Snapdragon,"4.32, 3.53 GHz",256 GB,6.85 Inches,2688 x 1216,10 Pro Black,,https://www.amazon.com/REDMAGIC-Smartphone-Snapdragon-Dual-Sim-Unlocked/dp/B0DNPXS894/ref=sr_1_25
"Cheap Mobile Phones, 5.0 Inch, Android 9.0, Dual SIM Dual Camera, Quad Core, 16GB ROM【Expandable up to 128GB】, Support WiFi/Bluetooth/FM, Face Unlocked Phones (Purple)",$50.99,TalkCeLL,Android 9.0,1 GB,MediaTek Kompanio 800T,,16 GB,5 Inches,480 x 854,TC23Ulta,3,https://www.amazon.com/TalkCeLL-Smartphones-ROM%E3%80%90Expandable-Bluetooth-Unlocked/dp/B0D48Z3ZCH/ref=sr_1_26
"TCL 40 XE 5G (Spectrum Unlocked) - 6.56"" HD+ Display, 5G Connectivity, 5000mAh Battery, 4GB RAM + 64GB Storage, Android Smartphone",$89.29,TCL,Android,4 GB,Mediatek 8389 Quadcore,2.2 GHz,64 GB,6.56 Inches,,TCL 40 XE 5G,Unlocked,https://www.amazon.com/TCL-40-XE-Spectrum-Unlocked/dp/B0DV7KFHBZ/ref=sr_1_27
"CAT S22 Smart Flip Phone Unlocked (16GB) 2.8"" Touchscreen Rugged Cell Phone Android 11, IP68 Water Resistant, T-Mobile 4G LTE GSM Single Nano Slot,Compatible with T-Mobile (New)",$125.99,Unifone,Android 11.0,2 GB,,,15.99 GB,2.8 Inches,640 x 480,S22 FLIP,T-Mobile,https://www.amazon.com/S22-Flip-Touchscreen-Resistant-Compatible/dp/B0DK99QFDV/ref=sr_1_28
"Samsung Galaxy S24 Ultra Cell Phone, 256GB AI Smartphone, Unlocked Android, 200MP, 100x Zoom Cameras, Fast Processor, Long Battery Life, Edge-to-Edge Display, S Pen, US Version, 2024, Titanium Gray","SAMSUNG Galaxy S24 Ultra Cell Phone, 256GB AI Smartphone, Unlocked Android, 200MP, 100x Zoom Cameras, Long Battery Life, S Pen, Global Version, 2024 - Titanium Black",Samsung,"Android 14, One UI 6.1",12 GB,,,256 GB,6.8 Inches,3120 x 1440 pixels,Galaxy S24 Ultra,Unlocked for All Carriers,https://www.amazon.com/SAMSUNG-Smartphone-Unlocked-Android-Titanium/dp/B0CMDL3H3P/ref=sr_1_29
"Unlocked Cell Phones A24 Ultra Smartphone Android 13 Unlocked Phones 8+256GB 6.8"" HD Screen Dual SIM 108MP+48MP Camera 6800 mAh and Built-in Pen (Black)",$169.99,MechanicalZeal,Android 13.0,8 GB,,,256 GB,6.8 Inches,,A24 Ultra,Unlocked for All Carriers,https://www.amazon.com/MechanicalZeal-Unlocked-A24-Ultra-Smartphone/dp/B0F37SWCRP/ref=sr_1_30
"14PROMA X Unlocked Cell Phone,Long Battery Life 6.82"" HD Screen Unlocked Phones,Android13 12+512GB Smartphone with 128G Memory Card,Dual SIM/Fingerprint Lock/Face ID/GPS (Blue)",$158.99,A SLICE RED,Android 13.0,512 GB,Snapdragon,2.45 GHz,256 GB,6.82 Inches,3040 x 1440,14PROMA X,Unlocked for All Carriers,https://www.amazon.com/SLICE-RED-Android13-Smartphone-Fingerprint/dp/B0DBRH4W9W/ref=sr_1_31
"TryFirst Cheap Mobile Phones, 5.0 Inch Dual SIM Dual Camera, Quad Core, 16GB ROM【Expandable up to 128GB】, Support WiFi/Bluetooth/FM, Face Unlocked Cell Phone (Black)",$48.99,TryFirst,Android 9.0,1 GB,,,16 GB,5 Inches,480x854,TryFirst T24Ultra,Unlocked,https://www.amazon.com/TryFirst-ROM%E3%80%90Expandable-Support-Bluetooth-Unlocked/dp/B0F2SQK8L2/ref=sr_1_32
"CMF Phone 1 8+128GB - Unlocked Smartphone with 50 MP Rear Camera with Ultra XDR, 6,67"" Super AMOLED Display and Nothing OS 2.6 - Black",$209.00,CMF BY NOTHING,Nothing OS,16 GB,,,128 GB,6.7 Inches,1080 x 2400,CMF Phone 1,Unlocked,https://www.amazon.com/CMF-Phone-128GB-Unlocked-Smartphone/dp/B0D7ZX64NF/ref=sr_1_35
"Xiaomi Poco X6 Pro 5G Global Unlocked (512GB + 12GB) GSM 6.67"" 64MP Triple Camera (for Tmobile Mint Tello Global) (Yellow Global ROM)",$299.99,Xiaomi,"Android 14, HyperOS",12 GB,Others,2 GHz,512 GB,6.67 Inches,2712 x 1220,Poco x6 5G,,https://www.amazon.com/Xiaomi-Global-Unlocked-Tmobile-Charger/dp/B0CSB222W4/ref=sr_1_36
"Motorola Moto G35, 256GB Storage, 8GB RAM, 6.72"" Display, Dual SIM Unlocked Smartphone, Leaf Green",$170.00,Motorola,Android 14,8 GB,,,8 GB,6.72 Inches,Full Hd+,Moto G35,Unlocked,https://www.amazon.com/Motorola-Storage-Display-Unlocked-Smartphone/dp/B0F67J4HWD/ref=sr_1_37
Nokia 110 4G | Dual SIM | GSM Unlocked Mobile Phone | Volte | Blue | International Version | Not AT&T/Cricket/Verizon Compatible,$39.99,Nokia,Series 30+,512 MB,,,128 MB,1.8 Inches,160 x 120,110 4G,Unlocked,https://www.amazon.com/Nokia-Unlocked-International-Version-Compatible/dp/B0CWWC2G6F/ref=sr_1_38
"UMIDIGI G9C Unlocked Cell Phone Android 14,Octa-core 6+6GB +128GB Expand 1TB Unlocked Smartphone,6.75"" HD+ 90Hz,5000mAh Battery,50MP Camera,GPS,BT 5.5,NFC,AI Face Unlock,Warranty,Black",$102.99,UMIDIGI,Android 14,6 GB,,,128 GB,,,6+128GB,Unlocked for All Carriers,https://www.amazon.com/UMIDIGI-G9C-Unlocked-Octa-core-Smartphone/dp/B0DX683797/ref=sr_1_39
"SAMSUNG Galaxy A26 5G Ai (for Tmobile Mint Tello & Global) (128GB + 6GB) Version Latina NFC Unlocked SM-A266M/DS 6.6"" 120Hz 50MP Triple (Mint SM-A266MLGDTPA)",$210.00,Samsung,android,6 GB,,,128 GB,170.1 Millimeters,1080 x 2340,A26 5G,Unlocked,https://www.amazon.com/SAMSUNG-Unlocked-SM-A266M-DS-SM-A266MLGDTPA/dp/B0F253W4KM/ref=sr_1_40
"16 ProMa x Smartphone Unlocked Cell Phone, 6.99“ HD Screen5G Phone, 12+512GB Phone Unlocked, Android 13.0, 68+108MP Zoom Camera, Fingerprint Button Unlock-and take Photos (Grey)",$179.99,Nawfait,Android 13.0,,,,512 GB,6.99 Inches,,16 ProMa x,Unlocked for All Carriers,https://www.amazon.com/Nawfait-16-ProMa-Smartphone-Fingerprint/dp/B0F9XHCL5V/ref=sr_1_41
"5.0 Inch HD Display, Dual SIM 3G/2G Cheap Mobile Phone, 16GB ROM【Expandable up to 128GB】, Android 9.0, WiFi/Bluetooth/Face Unlocked Phone (Blue)",$48.99,LatsYrs,Android 9.0,1 GB,,,16 GB,5 Inches,1280 x 720,LatsYrs M10Plus,3,https://www.amazon.com/LatsYrs-Display-ROM%E3%80%90Expandable-Bluetooth-Unlocked/dp/B0DB5GZLW9/ref=sr_1_42
"DOOGEE Note 59 Pro+ 5G Android 15 Unlocked Cellphone, 36GB+512GB/2TB Expand Mobile Smartphone with 6.75"" HD+ Display 120Hz, 6250mAh,5G Dual Sim Cell Phone, Face ID/Fingerprint/Widevine L1/NFC/OTG",$249.98,DOOGEE,Android 15,36 GB,Others,120 Hz,512 GB,6.75 Inches,,NOTE59PRO+-BLACK,Unlocked for All Carriers,https://www.amazon.com/DOOGEE-Unlocked-Cellphone-Smartphone-Fingerprint/dp/B0DSL7D3G7/ref=sr_1_45
"C24 Ultra Unlocked Cell Phones Smartphone Android 13 Phones 8+256GB/6.8"" HD Screen/Dual SIM/108MP+48MP Camera/6800 mAh/Built-in Pen (Green)",$169.99,DragoFab,Android 13.0,8 GB,Unknown,,256 GB,6.8 Inches,,C24 Ultra,Unlocked for All Carriers,https://www.amazon.com/DragoFab-C24-Ultra-Unlocked-Smartphone/dp/B0DYV5JFLB/ref=sr_1_46
"Unlocked Android Phone A15 PROMAX Android 13 Cell Phone with Dynamic Island 6GB+256GB 6800mAh,Fast Charging,HD Screen 48MP+108MP Camera Cell Phone with 5G Dual SIM Smart Phone (White)",$159.99,yowsley,Android 13.0,256 GB,Snapdragon,2.45 GHz,256 GB,,,A15 PRO,Unlocked for All Carriers,https://www.amazon.com/yowsley-Unlocked-Android-A15-Charging/dp/B0F7LSQDKS/ref=sr_1_47
"Blackview BV6200Plus Rugged Phone Android 15, 98dB Super Speaker 11000mAh, 24GB+256GB/2TB Rugged Smartphone Unlocked, 6.56"" HD+ 90Hz Waterproof Phone 2025 NFC/Fingerprint/GPS/T-moblie/IP69K/3 Slots",$199.99,Blackview,Android 15,24 GB,,2 Hz,256 GB,6.56 Inches,1080 x 2340,1 Plus,Unlocked for All Carriers,https://www.amazon.com/Blackview-BV6200Plus-Smartphone-Waterproof-Fingerprint/dp/B0DZNNRBMS/ref=sr_1_48
"Car Phone Holder for Magsafe [78+LBS Strongest Suction & 2400gf Strongest Magnetic] 360° Adjustable Car Phone Mount, Phone Holders for Your Car for iPhone 16 Pro Max 15 14 13 12 Plus (Carbon Fiber)",$26.98,ANDERY,,,,,,,,,,https://www.amazon.com/Magsafe-Strongest-Suction-Magnetic-Adjustable/dp/B0DN1S1YLV/ref=sr_1_49
"15PROMax5G Unlocked Smartphone,12GB+512GB Fully Cell Phone for Android 14, 6.8"" Unlocked Cell Phone, 6800mAh, 48MP+108MP Dual Camera/Dual SIM/Fingerprint Lock/Face (Black)",$158.88,Ecshock,Android 14,512 GB,,,512 GB,6.8 Inches,1080 x 2340,15ProMa,Unlocked for All Carriers,https://www.amazon.com/Ecshock-15PROMax5G-Unlocked-Smartphone-Fingerprint/dp/B0DSYY5HZG/ref=sr_1_50
Simple Mobile | Samsung Galaxy A16 5G | Locked | 128GB | 5000mAh Battery | 50 MP Camera | Black | Prepaid Smartphone,$129.00,Simple Mobile,Android 14,4 GB,,,4 GB,6.7 Inches,1080 x 2340 pixels,Galaxy A16 5G,Simple Mobile,https://www.amazon.com/Simple-Mobile-Samsung-5000mAh-Smartphone/dp/B0DWVGXPLB/ref=sr_1_51
"UMIDIGI G9X Unlocked Cell Phone,6.75"" 90Hz Display Smart Phone,Android 14 Phone,5000mAh,Octa-Core 8(4+4)+64GB 1TB,Face ID Unlock,4G Dual SIM Phone,GPS,FM Radio,Show captions,Unlocked Android Phones",$109.99,UMIDIGI,Android,4 GB,,1600 MHz,64 GB,6.75 Inches,,G9X,Unlocked for All Carriers,https://www.amazon.com/UMIDIGI-G9X-Unlocked-Octa-Core-captions/dp/B0F7L88GB9/ref=sr_1_52
"DJI Osmo Mobile SE, 3-Axis Phone Gimbal, Portable and Foldable, Gimbal Stabilizer for iphone, Andriod, ShotGuides, ActiveTrack 6.0, Vlogging Stabilizer for Youtube, TikTok, Travel",$69.00,DJI,,,,,,,,,,https://www.amazon.com/DJI-Osmo-Mobile-SE-ActiveTrack/dp/B0B7XCG225/ref=sr_1_49
"TryFirst Cheap Mobile Phones, 5.0 Inch IPS Display, Dual SIM Dual Camera, Quad Core, 16GB ROM【Expandable up to 128GB】, Support WiFi/Bluetooth/FM, Face Unlocked (Pova5Pro-Black)",$47.99,TryFirst,Android 9.0,1 GB,,,16 GB,5 Inches,1280 x 720,TryFirst-Pova5Pro,3,https://www.amazon.com/TryFirst-ROM%E3%80%90Expandable-Bluetooth-Unlocked-Pova5Pro-Black/dp/B0D9XBB2ZW/ref=sr_1_50
"C24 Pro Unlocked Android Phone Build-in Pen, 8+256GB Storage Cell Phone, Android 14.0 Smartphone, 6.8“ HD Screen, 108MP Zoom Camera | 5G Phone | Dual SIM & Face ID | 6800mAh Battery-Blue",$158.88,Jierrp Deepaar,Android 14,,,,256 GB,6.82 Inches,,C24 Pro,Unlocked for All Carriers,https://www.amazon.com/Unlocked-Android-Storage-Smartphone-Battery-Blue/dp/B0F5X54J2W/ref=sr_1_51
"Mobile Phone Navigation Magnetic Bracket, L Type 360° Rotatable Car Phone Mount, Magnetic Navigation Bracket for Any Smartphone 2pcs(Black)",$13.88,TLM,,,,,,,,,,https://www.amazon.com/Navigation-Magnetic-Bracket-Rotatable-Smartphone/dp/B0F9NQH163/ref=sr_1_52
"Unlocked Phone T24 Ultra 5G Smartphone 12+512GB, 48MP+108MP Dual Camera，6800mAh Battery, 6.7"" HD Screen, Unlocked Cell Phone, Android 14.0,Face ID/Fingerprint Lock/GPS 5G (Titanium Purple)",$126.99,,,,,,,,,,,https://www.amazon.com/Unlocked-Smartphone-Camera%EF%BC%8C6800mAh-Fingerprint-Titanium/dp/B0F2SCNH2K/ref=sr_1_53
"16PROMA X 5G Phone,Smartphone Unlocked Cell Phone 12GB+512GB/6.99“ HD Screen Display/68MP+108MP Camera/7000 mAh, Dual SIM Card/Face Unlock/Fingerprint Button Unlock-and take Photos (Cyan)",$179.99,QFJ,Android 14,,,,512 GB,6.99 Inches,,16ProMa x,Unlocked for All Carriers,https://www.amazon.com/QFJ-16PROMA-Smartphone-Unlocked-Fingerprint/dp/B0FC718WYK/ref=sr_1_54
Qifutan Dash Mounted Holders Phone Holders for Your Car Phone Mount for Car Windshield Dashboard Air Vent Universal Hands Free Automobile Cell Phone Holder Fit for iPhone Smartphone,$12.99,Qifutan,,,,,,,,,,https://www.amazon.com/Qifutan-Windshield-Dashboard-Automobile-Smartphone/dp/B0DSFJY5VD/ref=sr_1_55
"Cell Phone Stand, Angle Height Adjustable Cell Phone Holder with Silicon Pad for Desk Fully Forldable Mobile Phone Holder Compatible with All Mobile Phones, MT-6, (White)",$5.98,OGMAPLE,,,,,,,,,,https://www.amazon.com/Height-Adjustable-Silicon-Forldable-Compatible/dp/B092J6LZPF/ref=sr_1_56
"JOYROOM Vacuum Magnetic Car Phone Holder, Strongest Suction Cup 360° Adjustable Magsafe Car Phone Mount, Foldable Cell Phone Holders for Your Car for iPhone 16 Pro Max 15 14 13 12 Plus/Android",$28.99,JOYROOM,,,,,,,,,,https://www.amazon.com/JOYROOM-Magnetic-Strongest-Adjustable-Foldable/dp/B0F4MXZL7Q/ref=sr_1_57
Unlocked Phone S24 Ultra Unlocked Android Phone 8-core 8GB+256GB Cell Phone 7 inch HD Screen Mobile Phone 108MP+48MP Camera 6800 mAh Extra Large Battery 5G Dual SIM (Titanium Yellow),$139.99,VIVAHHX,Android 13.0,8 GB,,,256 GB,,1280 x 800,S..24 Ultra,Unlocked for All Carriers,https://www.amazon.com/VIVAHHX-Unlocked-Ultra-Android-Titanium/dp/B0DTHQSS9S/ref=sr_1_58
"I25 Ultra 5G Unlocked Phones 8+512GB Android13 Smartphone Battery 7000mAh 6.9"" HD Screen Unlocked Cell Phone,48MP+108MP Camera/Face ID/5G/Fingerprint Lock/Dual SIM/GPS (Purple)",$159.99,CFWYHTD,Android 13.0,,,,512 GB,,,I25 Ultra,Unlocked for All Carriers,https://www.amazon.com/CFWYHTD-I25-Ultra-5G-Fingerprint/dp/B0F8961S79/ref=sr_1_59
2026 Upgraded Vacuum Magnetic Car Phone Holder 360° Reinforced 96LBS Ultra Suction Cup Phone Mount for MagSafe Cell Phone Holders for Your Car/Gym/Mirror Mount for iPhone & Android,$21.99,REOKILY,,,,,,,,,,https://www.amazon.com/REOKILY-Upgraded-Magnetic-Reinforced-Suction/dp/B0DRPCD2GZ/ref=sr_1_60
"I24 Ultra 5G Unlocked Phones, 8+256GB Android13 Smartphone Battery 6800mAh 6.8"" HD Screen Unlocked Cell Phone,48MP+108MP Camera/Built in Pen/Dual SIM/Fingerprint Lock/Face (Wine Red)",$139.99,HTDSHFY,Android 13.0,,,,256 GB,,,I24 Ultra 5G 2025,Unlocked for All Carriers,https://www.amazon.com/HTDSHFY-I24-Ultra-5G-Fingerprint/dp/B0F44YKJKH/ref=sr_1_61
"DJI Osmo Mobile 6 Gimbal Stabilizer for Smartphones, 3-Axis Phone Gimbal, Built-In Extension Rod, Object Tracking, Portable and Foldable, Vlogging Stabilizer, YouTube TikTok, Slate Gray",$109.00,DJI,,,,,,,,,,https://www.amazon.com/DJI-Smartphone-Stabilizer-Extension-ShotGuides/dp/B0B7XD7R43/ref=sr_1_62
Phone Chest Mount Harness Holder Mobile Phone Strap Clip Compatible with iPhone Samsung GoPro 13/12/11/10/9/8 DJI Osmo and Most Cell Phones Action Cameras POV/VLOG,$23.99,Sametop,,,,,,,,,,https://www.amazon.com/Sametop-Harness-Compatible-Samsung-Cameras/dp/B0D7S2LVP4/ref=sr_1_63
"DJI Osmo Mobile 7 Gimbal Stabilizer for iPhone, Android, Built-in Tripod, Ultra-Light, Comfortable Grip, 3-Axis Phone Gimbal, ActiveTrack 7.0, ShotGuides, One-Tap Edit, 10hrs Use, Phone Charging",$89.00,DJI,,,,,,,,,,https://www.amazon.com/DJI-Stabilizer-Ultra-Light-Comfortable-ActiveTrack/dp/B07FSS4R16/ref=sr_1_64
"Cell Phone Booster for Home & Office,Up to 5500Sq Ft,Cell Phone Signal Booster for Band 2/25 / 4/66 / 5/12 / 17/13 with All U.S. Carriers,Boosts 5G 4G LTE, FCC Approved Cell Booster",$139.99,,,,,,,,,,,https://www.amazon.com/Booster-Office-5500Sq-Carriers-Approved/dp/B0FDGSNBTP/ref=sr_1_65
"Nulaxy Dual Folding Cell Phone Stand, Fully Adjustable Foldable Desktop Phone Holder Cradle Dock Compatible with Phone 16 15 14 13 12 11 Pro Xs Xs Max Xr X 8, Nintendo Switch, All Phones",$8.93,Nulaxy,,,,,,,,,,https://www.amazon.com/Nulaxy-Foldable-Compatible-Nintendo-Readers/dp/B07F8S18D5/ref=sr_1_66
"Cell Phone Booster for Home & Multi-Room, Cell Phone Signal Booster with 2 Indoor Panel Antennas for Band 66/2/4/5/12/17/13/25,Up to 8000 Sq.Ft,Boost 4G 5G LTE Data for All U.S. Carriers, FCC Approved",$179.99,AmsignalBars,,,,,,,,,,https://www.amazon.com/Booster-Multi-Room-Antennas-Carriers-Approved/dp/B0FF9J9MB8/ref=sr_1_67
"Magnetic Phone Mount for Car, 360° Adjustable Suction Cup Device Holder Strong Magnet Cell Phone Stand for iPhone & All Smartphones (Black)",$7.49,Lyreh,,,,,,,,,,https://www.amazon.com/Lyreh-Magnetic-Adjustable-Suction-Smartphones/dp/B0FCM3KHYN/ref=sr_1_68
Help Me! Guide to Android for Seniors: Introduction to Android Phones and Tablets for Beginners,$6.99,,,,,,,,,,,https://www.amazon.com/Help-Guide-Android-Seniors-Introduction/dp/1500611182/ref=sr_1_69
Android Smartphones Made Easy: The Beginners Guide Made For Beginners (Computers Made Easy),$17.99,,,,,,,,,,,https://www.amazon.com/Android-Smartphones-Made-Easy-Beginners/dp/1086026837/ref=sr_1_70
"Cell Phone Booster for Truck RV Vehicle, Cell Phone Signal Booster Compatible with All U.S. Carriers AT&T, Verizon, T-Mobile & More, Boosts 5G/4G LTE/3G Signal for Band 4/66/12/13/17/5/2/25",$229.99,SignalBrick,,,,,,,,,,https://www.amazon.com/Booster-Vehicle-Compatible-Carriers-T-Mobile/dp/B0FBWW3K6Y/ref=sr_1_71
"[2025 True Military-Grade] Car Phone Holder VANMASS [Upgraded Strongest Suction & Clip] Cell Phone Mount for Dashboard Windshield Vent,Truck Cradle Stand for iPhone 16 Pro Max 15 14 13 Samsung Android",$26.58,VANMASS,,,,,,,,,,https://www.amazon.com/VANMASS-Universal-Dashboard-Windshield-Compatible/dp/B08DKHHTFX/ref=sr_1_72
"ULANZI MA30 Magnetic Phone Tripod Stand for iPhone - Aluminium Maglock Smartphone Mini Tripod Pocket Cell Phone Stand Strong Magnet Quick Mount Compatible with iPhone 16 15 14 13 12 Series, Black",$22.75,ULANZI,,,,,,,,,,https://www.amazon.com/ULANZI-Magnetic-Phone-Tripod-iPhone/dp/B0DDTKHX31/ref=sr_1_73
"3-in-1 Car Phone Holder [122+LBS Strongest Suction & Stable Clamp Arm] 360° Adjustable Car Phone Mount, Cell Phone Holders for Your Car for Dashboard Vent, All Smartphones & Car Models (Black)",$24.88,ACMEZING,,,,,,,,,,https://www.amazon.com/Strongest-Suction-Adjustable-Dashboard-Smartphones/dp/B0DMVD7C59/ref=sr_1_74
"Cell Phone Booster for Home & Office,Up to 2,000 sq ft,Cell Phone Signal Booster with Band 66/25/2/4/5/12/13/17,Boost 5G 4G Data for All U.S. Carriers FCC Approved",$99.99,Callone+,,,,,,,,,,https://www.amazon.com/Booster-Office-Signal-Carriers-Approved/dp/B0F9F5ZMX7/ref=sr_1_75
Phone Camera Lens Kit Upgraded Version Telephoto 28X Wide Angle 0.6X Macro 20X Fisheye 198° for Most Smartphones (Black),$35.99,BNIFI,,,,,,,,,,https://www.amazon.com/Upgraded-Version-Telephoto-Fisheye-Smartphones/dp/B0F1MSP7L2/ref=sr_1_76
Android Smartphones Seniors Guide: A Step-by-Step Manual for the Non-Tech-Savvy to Master Your Brand New Smartphone in 3 Hours or Less,,,,,,,,,,,,https://www.amazon.com/Android-Smartphones-Seniors-Guide-Step/dp/1801717044/ref=sr_1_77
Suction Magnetic Phone Mount with 360° Rotation & Foldable Design Universal Suction Holder for Car Dashboard/Mirror Fits iPhone & All Smartphones via Magnetic Ring 826001,$15.99,Mechrig,,,,,,,,,,https://www.amazon.com/Mechrig-Universal-Dashboard-Smartphones-826001/dp/B0F6N2Q9W8/ref=sr_1_78
"Cell Phone Stand with Wireless Bluetooth Speaker, Induction Speaker with Anti-Slip Base, Stereo Sound, Wireless Phone Speaker Holder for Desk, Gifts for Men Women Teens",$24.99,Yuaceuco,,,,,,,,,,https://www.amazon.com/Yuaceuco-Wireless-Bluetooth-Induction-Anti-Slip/dp/B0F8NNN496/ref=sr_1_79
Money Phone: How to Turn Your Smartphone into a Six Figure Money-Making Marketing Machine and Close BIG Deals Quickly and Easily with Mobile Text and Video Marketing,,,,,,,,,,,,https://www.amazon.com/Money-Phone-Smartphone-Money-Making-Marketing-ebook/dp/B01MUDE5ER/ref=sr_1_80
"Vacuum Magnetic Phone Holder for Car, 360° Rotating Car Phone Mount with Suction Cup, Magsafe Cellphone Holder Stand Bracket for iPhone, Mobile Car Accessories for Dashboard & Windshield",$21.99,JanFeel,,,,,,,,,,https://www.amazon.com/JanFeel-Magnetic-Phone-Accessories-Windshield/dp/B0F8GJZQJC/ref=sr_1_81
"TONEOF 67"" Cell Phone Selfie Stick Tripod,Smartphone Stand All-in-1 with Integrated Wireless Remote,Portable,Lightweight,Extendable for iPhone/Android(Black)",$26.99,TONEOF,,,,,,,,,,https://www.amazon.com/TONEOF-Smartphone-Integrated-Lightweight-Extendable/dp/B0D56PRG49/ref=sr_1_82
How to Start a Mobile Phone Accessories Business: Your Step-by-Step Guide to Launching and Growing a Successful Retail Venture,,,,,,,,,,,,https://www.amazon.com/Start-Mobile-Phone-Accessories-Business-ebook/dp/B0FCL2ZCVD/ref=sr_1_83
"Lamicall Adjustable Phone Stand for Desk - 360 Rotating Foldable Cell Phone Holder Desktop Portable Cellphone Stand, Office Desk Accessories for iPhone 16 15 14 13 Pro Max, 4-10” Smartphones, iPad",$7.99,Lamicall,,,,,,,,,,https://www.amazon.com/Lamicall-Adjustable-Phone-Stand-Desk/dp/B0DP42G526/ref=sr_1_84
Mobile Phones and Tablets Repairs: A Complete Guide for Beginners and Professionals (Smartphones and Tablets Repairs),,,,,,,,,,,,https://www.amazon.com/Mobile-Phones-Tablets-Repairs-Professionals-ebook/dp/B01G0ZABF2/ref=sr_1_85
"Lamicall Cell Phone Stand for Desk - [Height Adjustable] Foldable Mobile Phone Holder, Portable Stand for iPhone 16 15 14 13 12 11 Pro Max Plus, Galaxy S25 S24, All Cellphones, Office Accessories",$8.48,Lamicall,,,,,,,,,,https://www.amazon.com/Lamicall-Foldable-Phone-Stand-Desk/dp/B09MCKK9NX/ref=sr_1_86
"Miracase Car Vent Phone Mount, Universal Cell Phone Mount [Upgraded Clip Never Fall Off] Hands Free Airvent Phone Holders for Your Car Compatible with iPhone All Smartphones, Dark Black",$13.99,Miracase,,,,,,,,,,https://www.amazon.com/Miracase-Universal-Upgraded-Compatible-Smartphones/dp/B0F4JJ9ZNF/ref=sr_1_87
"OMOTON 360°Rotating Magnetic Phone Stand for Desk, Adjustable Foldable Aluminum for MagSafe Cell Phone Stand Holder with Non-Slip Base, for iPhone 16/15/14/13 Pro Max (White)",$17.99,OMOTON,,,,,,,,,,https://www.amazon.com/OMOTON-360%C2%B0Rotating-Magnetic-Adjustable-Foldable/dp/B0F1TKL869/ref=sr_1_88
"SAMSUNG GALAXY S25 USER GUIDE: Complete Beginners & Seniors Manual with Step-by-Step Tips on How to Setup, Use and Master the S25 mobile phone plus Tricks on Camera, Android 15 and One UI 7",,,,,,,,,,,,https://www.amazon.com/SAMSUNG-GALAXY-GUIDE-Step-Step/dp/B0DV48KKYJ/ref=sr_1_89
Smartphones and Tablets Repairs: Money Making Venture Skill,,,,,,,,,,,,https://www.amazon.com/Smartphones-Tablets-Repairs-Making-Venture-ebook/dp/B08TB8L56X/ref=sr_1_90
"LISEN Phone Holder for Bed Desk [3rd Upgrade] Cell Phone Stand for Desk,Recording iPhone Mount for Gooseneck iPhone Holder for Filming Camera Laying Down,Bed Accessories Flexible Arm Clamp Clip Stand",$19.69,LISEN,,,,,,,,,,https://www.amazon.com/LISEN-Gooseneck-Upgrade-Down%EF%BC%8CFlexible-Filming/dp/B0CKYS81T4/ref=sr_1_91
Metal Cell Phone Chain Set Detachable iPhone Chain Strap Fits All Phones Crossbody Phone Lanyard*1 Phone Wrist Strap*1 with 2 Tether Tabs iPhone Wristlet For Women Travel Shopping Camping,$29.99,,,,,,,,,,,https://www.amazon.com/MOUTAKEY-Detachable-Crossbody-Wristlet-Shopping/dp/B0DR18VWS9/ref=sr_1_92
"How Mobile Phones Impact Your Brain, Body & Health — And What You Can Do to Stay Safe: A Practical Guide to Understanding Mobile Radiation, Sleep Disruption, Mental Health, Screen Addiction",,,,,,,,,,,,https://www.amazon.com/Mobile-Phones-Impact-Brain-Health-ebook/dp/B0FF3H5QQV/ref=sr_1_93
"Miracase Cup Phone Holder for Car, [Upgraded Version] Adjustable Long Neck Car Cup Holder Phone Mount Cradle Friendly Compatible with iPhone Samsung Google and All Smartphones, Silver",$29.99,Miracase,,,,,,,,,,https://www.amazon.com/Miracase-Upgraded-Adjustable-Compatible-Smartphones/dp/B0F62884H4/ref=sr_1_94
"Vacuum Magnetic Car Phone Holder,360°Adjustable Magnetic Phone Holder,Hands-Free Suction Cup Phone Mount for MagSafe,Cell Phone Holders for Your Car for All Smartphones & All Car Models",$29.99,YAOKEEP,,,,,,,,,,https://www.amazon.com/YAOKEEP-Magnetic-360%C2%B0Adjustable-Hands-Free-Smartphones/dp/B0F9XZ3YTQ/ref=sr_1_95
Mobile Travel Photography: Master travel photography anywhere with your smartphone,,,,,,,,,,,,https://www.amazon.com/Mobile-Travel-Photography-photography-smartphone-ebook/dp/B0DNBT7M4N/ref=sr_1_96
Android Smartphones Made Easy: The Beginners Guide Made For Beginners (Computers Made Easy),$17.99,,,,,,,,,,,https://www.amazon.com/Android-Smartphones-Made-Easy-Beginners/dp/1086026837/ref=sr_1_97
"A Comprehensive Mobile Phone Repair Guide - DIY For All Phone Types - Androids, iPhones, iPads, iPods, 1st Gen, 2nd Gen, Smartphones & Non-Smartphones (Old Models)",,,,,,,,,,,,https://www.amazon.com/Comprehensive-Mobile-Phone-Repair-Guide-ebook/dp/B00Z4AMJK0/ref=sr_1_98
"Vacuum Magnetic Phone Holder for Car, 360° Rotating Car Phone Mount with Suction Cup, Magsafe Cellphone Holder Stand Bracket for iPhone, Mobile Car Accessories for Dashboard & Windshield",$21.99,JanFeel,,,,,,,,,,https://www.amazon.com/JanFeel-Magnetic-Phone-Accessories-Windshield/dp/B0F8GJZQJC/ref=sr_1_99
Help Me! Guide to Android for Seniors: Introduction to Android Phones and Tablets for Beginners,$6.99,,,,,,,,,,,https://www.amazon.com/Help-Guide-Android-Seniors-Introduction/dp/1500611182/ref=sr_1_100
BILLOO AND MOBILE PHONE: BILLOO,,,,,,,,,,,,https://www.amazon.com/BILLOO-MOBILE-PHONE-KUMAR-SHARMA-ebook/dp/B016L4ZK3K/ref=sr_1_101
Mobile Travel Photography: Master travel photography anywhere with your smartphone,,,,,,,,,,,,https://www.amazon.com/Mobile-Travel-Photography-photography-smartphone-ebook/dp/B0DNBT7M4N/ref=sr_1_102
,,,,,,,,,,,,https://www.amazon.com/Cellphone-Malcolm-McDowell/dp/B0CNWL2XDY/ref=sr_1_103
"2 Pcs Cell Phone Lanyard Crossbody with Adjustable Neck Strap and Phone Ring Grip,Universal Smartphone Lanyard for iPhone Lanyards for Around the Neck Compatible with Most Smartphones",,,,,,,,,,,,https://www.amazon.com/Kinizuxi-Adjustable-Smartphone-Compatible-Smartphones/dp/B0C2N68TGV/ref=sr_1_104
"OMOTON 360°Rotating Magnetic Phone Stand for Desk, Adjustable Foldable Aluminum for MagSafe Cell Phone Stand Holder with Non-Slip Base, for iPhone 16/15/14/13 Pro Max (White)",$17.99,OMOTON,,,,,,,,,,https://www.amazon.com/OMOTON-360%C2%B0Rotating-Magnetic-Adjustable-Foldable/dp/B0F1TKL869/ref=sr_1_105
BILLOO AND MOBILE PHONE ( PART 2 ): BILLOO,,,,,,,,,,,,https://www.amazon.com/BILLOO-MOBILE-PHONE-PART-ebook/dp/B016L5P0MA/ref=sr_1_106
"Miracase Cup Phone Holder for Car, [Upgraded Version] Adjustable Long Neck Car Cup Holder Phone Mount Cradle Friendly Compatible with iPhone Samsung Google and All Smartphones, Silver",$29.99,Miracase,,,,,,,,,,https://www.amazon.com/Miracase-Upgraded-Adjustable-Compatible-Smartphones/dp/B0F62884H4/ref=sr_1_107
Cell phone Repair Guide for Beginners: Yourself Guide To Troubleshooting and Repairing Mobile Cell phones (Volume 1) (Cell phone Repair Guide for Beginners (Volume 1)),,,,,,,,,,,,https://www.amazon.com/Cell-phone-Repair-Guide-Beginners/dp/B091J74MZ4/ref=sr_1_108
"Vacuum Magnetic Car Phone Holder,360°Adjustable Magnetic Phone Holder,Hands-Free Suction Cup Phone Mount for MagSafe,Cell Phone Holders for Your Car for All Smartphones & All Car Models",$29.99,YAOKEEP,,,,,,,,,,https://www.amazon.com/YAOKEEP-Magnetic-360%C2%B0Adjustable-Hands-Free-Smartphones/dp/B0F9XZ3YTQ/ref=sr_1_109
Mobile Phone Recycling & Refurbishing Business: How to Start a Business from Old Phones ?,,,,,,,,,,,,https://www.amazon.com/Mobile-Phone-Recycling-Refurbishing-Business-ebook/dp/B0F88RNSVJ/ref=sr_1_110
"abxylute S9 Full-Size Gaming Phone Controller for iPhone 15/16, iPad Mini 6/7 and Android Phone Tablet, Bluetooth and Type-C Mobile Gamepad with App, for Roblox, Genshin Impact, Call of Duty, Hall Joystick &Trigger, Handheld-Quality Black",$62.90,,,,,,,,,,,https://www.amazon.com/abxylute-Full-Size-Controller-Bluetooth-Handheld-Quality-Smartphone/dp/B0DHGTJ3Q7/ref=sr_1_111
KODAK Step Instant Smartphone Photo Printer - Portable Mini Color Wireless Mobile Printer - Zink 2x3” Sticky-Back Photos - Bluetooth Compatible with iOS & Android Devices - Fun Editing App - White,$69.99,KODAK,,,,,,,,Kodak Step Printer,,https://www.amazon.com/Wireless-Printer-Compatible-Android-Bluetooth/dp/B08C72V1LB/ref=sr_1_112
"A Comprehensive Mobile Phone Repair Guide - DIY For All Phone Types - Androids, iPhones, iPads, iPods, 1st Gen, 2nd Gen, Smartphones & Non-Smartphones (Old Models)",,,,,,,,,,,,https://www.amazon.com/Comprehensive-Mobile-Phone-Repair-Guide-ebook/dp/B00Z4AMJK0/ref=sr_1_113
Help Me! Guide to Android for Seniors: Introduction to Android Phones and Tablets for Beginners,$6.99,,,,,,,,,,,https://www.amazon.com/Help-Guide-Android-Seniors-Introduction/dp/1500611182/ref=sr_1_114
"Gravity Auto Lock Car Phone Mount with Clip Hook & 360° Rotation - Universal Vent Hook Holder for Dashboard/Air Vent Mounting (Fits 4.7-7.2"" Smartphones) 827002",$9.99,Mechrig,,,,,,,,,,https://www.amazon.com/Mechrig-Gravity-Phone-Mount-Rotation/dp/B0F6NCWGB3/ref=sr_1_115
Mobile Travel Photography: Master travel photography anywhere with your smartphone,,,,,,,,,,,,https://www.amazon.com/Mobile-Travel-Photography-photography-smartphone-ebook/dp/B0DNBT7M4N/ref=sr_1_116
"Miracase Cup Phone Holder for Car, [Upgraded Version] Adjustable Long Neck Car Cup Holder Phone Mount Cradle Friendly Compatible with iPhone Samsung Google and All Smartphones, Silver",$29.99,Miracase,,,,,,,,,,https://www.amazon.com/Miracase-Upgraded-Adjustable-Compatible-Smartphones/dp/B0F62884H4/ref=sr_1_117
KODAK Step Instant Smartphone Photo Printer - Portable Mini Color Wireless Mobile Printer - Zink 2x3” Sticky-Back Photos - Bluetooth Compatible with iOS & Android Devices - Fun Editing App - White,$69.99,KODAK,,,,,,,,Kodak Step Printer,,https://www.amazon.com/Wireless-Printer-Compatible-Android-Bluetooth/dp/B08C72V1LB/ref=sr_1_118
"abxylute S9 Full-Size Gaming Phone Controller for iPhone 15/16, iPad Mini 6/7 and Android Phone Tablet, Bluetooth and Type-C Mobile Gamepad with App, for Roblox, Genshin Impact, Call of Duty, Hall Joystick &Trigger, Handheld-Quality Black",$62.90,,,,,,,,,,,https://www.amazon.com/abxylute-Full-Size-Controller-Bluetooth-Handheld-Quality-Smartphone/dp/B0DHGTJ3Q7/ref=sr_1_119
BILLOO AND MOBILE PHONE: BILLOO,,,,,,,,,,,,https://www.amazon.com/BILLOO-MOBILE-PHONE-KUMAR-SHARMA-ebook/dp/B016L4ZK3K/ref=sr_1_120
"Vacuum Magnetic Car Phone Holder,360°Adjustable Magnetic Phone Holder,Hands-Free Suction Cup Phone Mount for MagSafe,Cell Phone Holders for Your Car for All Smartphones & All Car Models",$29.99,YAOKEEP,,,,,,,,,,https://www.amazon.com/YAOKEEP-Magnetic-360%C2%B0Adjustable-Hands-Free-Smartphones/dp/B0F9XZ3YTQ/ref=sr_1_121
Cell phone Repair Guide for Beginners: Yourself Guide To Troubleshooting and Repairing Mobile Cell phones (Volume 1) (Cell phone Repair Guide for Beginners (Volume 1)),,,,,,,,,,,,https://www.amazon.com/Cell-phone-Repair-Guide-Beginners/dp/B091J74MZ4/ref=sr_1_122
"OMOTON 360°Rotating Magnetic Phone Stand for Desk, Adjustable Foldable Aluminum for MagSafe Cell Phone Stand Holder with Non-Slip Base, for iPhone 16/15/14/13 Pro Max (White)",$17.99,OMOTON,,,,,,,,,,https://www.amazon.com/OMOTON-360%C2%B0Rotating-Magnetic-Adjustable-Foldable/dp/B0F1TKL869/ref=sr_1_123
"Cup Phone Holder for Car with Adjustable Long Gooseneck, Car Mount Cup Cell Phone Holders for Your Car Truck Golf Cart Accessories Cradles for iPhone Samsung All 4.0-7.0 inches Smartphones",$9.99,welvath,,,,,,,,,,https://www.amazon.com/welvath-Adjustable-Gooseneck-Accessories-Smartphones/dp/B0FDKGPJ5C/ref=sr_1_124
"Yoozon for Magsafe Car Mount, Vacuum Strong Suction 2400gf Magnetic Phone Holder, 360° Rotation Foldable Stand for All Smartphones & Vehicle, Car Accessories for Women Men, Gifts for Him Her (Black)",$19.99,Yoozon,,,,,,,,,,https://www.amazon.com/Yoozon-Car-Mount-Magnetic-Smartphones/dp/B0F32F5C8Q/ref=sr_1_125
Mobile Phone Recycling & Refurbishing Business: How to Start a Business from Old Phones ?,,,,,,,,,,,,https://www.amazon.com/Mobile-Phone-Recycling-Refurbishing-Business-ebook/dp/B0F88RNSVJ/ref=sr_1_126
BILLOO AND MOBILE PHONE ( PART 2 ): BILLOO,,,,,,,,,,,,https://www.amazon.com/BILLOO-MOBILE-PHONE-PART-ebook/dp/B016L5P0MA/ref=sr_1_127
,,,,,,,,,,,,https://www.amazon.com/Mobile/dp/B0794Y5MQ6/ref=sr_1_128
KODAK Step Instant Smartphone Photo Printer - Portable Mini Color Wireless Mobile Printer - Zink 2x3” Sticky-Back Photos - Bluetooth Compatible with iOS & Android Devices - Fun Editing App - White,$69.99,KODAK,,,,,,,,Kodak Step Printer,,https://www.amazon.com/Wireless-Printer-Compatible-Android-Bluetooth/dp/B08C72V1LB/ref=sr_1_129
THE URGE: Fun poetry about mobile phones,,,,,,,,,,,,https://www.amazon.com/URGE-poetry-about-mobile-phones-ebook/dp/B0FF3L3XMX/ref=sr_1_130
"Yoozon for Magsafe Car Mount, Vacuum Strong Suction 2400gf Magnetic Phone Holder, 360° Rotation Foldable Stand for All Smartphones & Vehicle, Car Accessories for Women Men, Gifts for Him Her (Black)",$19.99,Yoozon,,,,,,,,,,https://www.amazon.com/Yoozon-Car-Mount-Magnetic-Smartphones/dp/B0F32F5C8Q/ref=sr_1_131
"Cell Phone Booster for Home & Multi-Room, Cell Phone Signal Booster with 2 Indoor Antennas for Band 66/2/4/5/12/17/13/25,Up to 6000 Sq.Ft,Boost 4G 5G LTE Data for All U.S. Carriers, FCC Approved",$149.99,Hoimy,,,,,,,,,,https://www.amazon.com/Booster-Multi-Room-Antennas-Carriers-Approved/dp/B0FFLKL3DM/ref=sr_1_132
Suction Magnetic Phone Mount with 360° Rotation & Foldable Design Universal Suction Holder for Car Dashboard/Mirror Fits iPhone & All Smartphones via Magnetic Ring 826001,$15.99,Mechrig,,,,,,,,,,https://www.amazon.com/Mechrig-Universal-Dashboard-Smartphones-826001/dp/B0F6N2Q9W8/ref=sr_1_133
"GameSir G8 Galileo Type-C Mobile Gaming Controller for Android & iPhone 15 Series (USB-C), Plug and Play Gamepad with Hall Effect Joysticks/Hall Trigger, 3.5mm Audio Jack",$79.99,GameSir,,,,,,,,G8,,https://www.amazon.com/GameSir-G8-Galileo-Controller-Joysticks/dp/B0CM3C9HRG/ref=sr_1_134
"Cup Phone Holder for Car with Adjustable Long Gooseneck, Car Mount Cup Cell Phone Holders for Your Car Truck Golf Cart Accessories Cradles for iPhone Samsung All 4.0-7.0 inches Smartphones",$9.99,welvath,,,,,,,,,,https://www.amazon.com/welvath-Adjustable-Gooseneck-Accessories-Smartphones/dp/B0FDKGPJ5C/ref=sr_1_135
BILLOO AND MOBILE PHONE: BILLOO,,,,,,,,,,,,https://www.amazon.com/BILLOO-MOBILE-PHONE-KUMAR-SHARMA-ebook/dp/B016L4ZK3K/ref=sr_1_136
Phone Gimbal Stabilizer 3-Axis Smartphone Foldable Handheld Gimbal for iPhone with Focus Wheel TikTok YouTube Vlog Stabilizer for iPhone16 15 14 13 12 Pro Max Android-Smart XE,$55.24,AOCHUAN,,,,,,,,,,https://www.amazon.com/AOCHUAN-Stabilizer-Smartphone-Android-AOCHUAN-Smart/dp/B0C89T698J/ref=sr_1_137
"OMOTON 360°Rotating Magnetic Phone Stand for Desk, Adjustable Foldable Aluminum for MagSafe Cell Phone Stand Holder with Non-Slip Base, for iPhone 16/15/14/13 Pro Max (White)",$17.99,OMOTON,,,,,,,,,,https://www.amazon.com/OMOTON-360%C2%B0Rotating-Magnetic-Adjustable-Foldable/dp/B0F1TKL869/ref=sr_1_138
"[2025 True Military-Grade] Car Phone Holder [Upgraded Strongest Suction & Clip] Cell Phone Mount for Dashboard Windshield Vent,Truck Cradle Stand for iPhone 16 Pro Max Samsung Android (Black)",$29.99,HTU,,,,,,,,,,https://www.amazon.com/Military-Grade-Upgraded-Strongest-Dashboard-Windshield/dp/B0F5TWXPYW/ref=sr_1_139
Mobile Phone Recycling & Refurbishing Business: How to Start a Business from Old Phones ?,,,,,,,,,,,,https://www.amazon.com/Mobile-Phone-Recycling-Refurbishing-Business-ebook/dp/B0F88RNSVJ/ref=sr_1_140
Mobile Phone Cultures,,,,,,,,,,,,https://www.amazon.com/Mobile-Phone-Cultures-Gerard-Goggin/dp/0415494990/ref=sr_1_141
Do You Feed by Showing Mobile Phone?: Mobile Screens and Mealtime—A Habit That May Harm Your Child’s Development!,,,,,,,,,,,,https://www.amazon.com/Feed-Showing-Mobile-Phone-Mealtime-ebook/dp/B0F6D8QD4D/ref=sr_1_142
Mobile Phone Spyware: ...the hidden threat to any smartphone,,,,,,,,,,,,https://www.amazon.com/Mobile-Phone-Spyware-hidden-smartphone/dp/B0CKVDN8Z8/ref=sr_1_143
Money Phone: How to Turn Your Smartphone into a Six Figure Money-Making Marketing Machine and Close BIG Deals Quickly and Easily with Mobile Text and Video Marketing,,,,,,,,,,,,https://www.amazon.com/Money-Phone-Smartphone-Money-Making-Marketing-ebook/dp/B01MUDE5ER/ref=sr_1_144
Mobile Phone Spyware: ...the hidden threat to any smartphone,,,,,,,,,,,,https://www.amazon.com/Mobile-Phone-Spyware-hidden-smartphone/dp/B0CKVDN8Z8/ref=sr_1_145
BILLOO AND MOBILE PHONE: BILLOO,,,,,,,,,,,,https://www.amazon.com/BILLOO-MOBILE-PHONE-KUMAR-SHARMA-ebook/dp/B016L4ZK3K/ref=sr_1_146
"OMOTON 360°Rotating Magnetic Phone Stand for Desk, Adjustable Foldable Aluminum for MagSafe Cell Phone Stand Holder with Non-Slip Base, for iPhone 16/15/14/13 Pro Max (White)",$17.99,OMOTON,,,,,,,,,,https://www.amazon.com/OMOTON-360%C2%B0Rotating-Magnetic-Adjustable-Foldable/dp/B0F1TKL869/ref=sr_1_147
Android Smartphones Seniors Guide: A Step-by-Step Manual for the Non-Tech-Savvy to Master Your Brand New Smartphone in 3 Hours or Less,,,,,,,,,,,,https://www.amazon.com/Android-Smartphones-Seniors-Guide-Step/dp/1801717044/ref=sr_1_148
Mobile Phone Recycling & Refurbishing Business: How to Start a Business from Old Phones ?,,,,,,,,,,,,https://www.amazon.com/Mobile-Phone-Recycling-Refurbishing-Business-ebook/dp/B0F88RNSVJ/ref=sr_1_149
Mobile Phone Cultures,,,,,,,,,,,,https://www.amazon.com/Mobile-Phone-Cultures-Gerard-Goggin/dp/0415494990/ref=sr_1_150
Do You Feed by Showing Mobile Phone?: Mobile Screens and Mealtime—A Habit That May Harm Your Child’s Development!,,,,,,,,,,,,https://www.amazon.com/Feed-Showing-Mobile-Phone-Mealtime-ebook/dp/B0F6D8QD4D/ref=sr_1_151
Suction Magnetic Phone Mount with 360° Rotation & Foldable Design Universal Suction Holder for Car Dashboard/Mirror Fits iPhone & All Smartphones via Magnetic Ring 826001,$15.99,Mechrig,,,,,,,,,,https://www.amazon.com/Mechrig-Universal-Dashboard-Smartphones-826001/dp/B0F6N2Q9W8/ref=sr_1_152
"Lyca Mobile USA 5G/4G Prepaid SIM Card Kit | Unlimited Data, Talk, & Text to 100 Countries | Choose From Plans Starting at $19/mo.",$1.99,Lycamobile,,,,,,,,,,https://www.amazon.com/Mobile-Prepaid-Unlimited-Countries-Starting/dp/B0DCL633VM/ref=sr_1_153
"Miracase Cup Phone Holder for Car, [Upgraded Version] Adjustable Long Neck Car Cup Holder Phone Mount Cradle Friendly Compatible with iPhone Samsung Google and All Smartphones, Silver",$29.99,Miracase,,,,,,,,,,https://www.amazon.com/Miracase-Upgraded-Adjustable-Compatible-Smartphones/dp/B0F62884H4/ref=sr_1_154
Phone Gimbal Stabilizer 3-Axis Smartphone Foldable Handheld Gimbal for iPhone with Focus Wheel TikTok YouTube Vlog Stabilizer for iPhone16 15 14 13 12 Pro Max Android-Smart XE,$55.24,AOCHUAN,,,,,,,,,,https://www.amazon.com/AOCHUAN-Stabilizer-Smartphone-Android-AOCHUAN-Smart/dp/B0C89T698J/ref=sr_1_155
Smartphones and Tablets Repairs: Money Making Venture Skill,,,,,,,,,,,,https://www.amazon.com/Smartphones-Tablets-Repairs-Making-Venture-ebook/dp/B08TB8L56X/ref=sr_1_156
BILLOO AND MOBILE PHONE ( PART 2 ): BILLOO,,,,,,,,,,,,https://www.amazon.com/BILLOO-MOBILE-PHONE-PART-ebook/dp/B016L5P0MA/ref=sr_1_157
"[2025 True Military-Grade] Car Phone Holder [Upgraded Strongest Suction & Clip] Cell Phone Mount for Dashboard Windshield Vent,Truck Cradle Stand for iPhone 16 Pro Max Samsung Android (Black)",$29.99,HTU,,,,,,,,,,https://www.amazon.com/Military-Grade-Upgraded-Strongest-Dashboard-Windshield/dp/B0F5TWXPYW/ref=sr_1_158
"SAMSUNG GALAXY S25 USER GUIDE: Complete Beginners & Seniors Manual with Step-by-Step Tips on How to Setup, Use and Master the S25 mobile phone plus Tricks on Camera, Android 15 and One UI 7",,,,,,,,,,,,https://www.amazon.com/SAMSUNG-GALAXY-GUIDE-Step-Step/dp/B0DV48KKYJ/ref=sr_1_159
"iOttie Easy One Touch Advanced Universal Car Mount Dashboard & Windshield Suction Cup Phone Holder for iPhone Samsung, Google, All Smartphones",$17.95,iOttie,,,,,,,,,,https://www.amazon.com/iOttie-Universal-Dashboard-Windshield-Smartphones/dp/B0C1HP8N5D/ref=sr_1_160
"iOttie Easy One Touch Advanced Universal Car Mount Dashboard & Windshield Suction Cup Phone Holder for iPhone Samsung, Google, All Smartphones",$17.95,iOttie,,,,,,,,,,https://www.amazon.com/iOttie-Universal-Dashboard-Windshield-Smartphones/dp/B0C1HP8N5D/ref=sr_1_161
Do You Feed by Showing Mobile Phone?: Mobile Screens and Mealtime—A Habit That May Harm Your Child’s Development!,,,,,,,,,,,,https://www.amazon.com/Feed-Showing-Mobile-Phone-Mealtime-ebook/dp/B0F6D8QD4D/ref=sr_1_162
BILLOO AND MOBILE PHONE: BILLOO,,,,,,,,,,,,https://www.amazon.com/BILLOO-MOBILE-PHONE-KUMAR-SHARMA-ebook/dp/B016L4ZK3K/ref=sr_1_163
"Gravity Auto Lock Car Phone Mount with Clip Hook & 360° Rotation - Universal Vent Hook Holder for Dashboard/Air Vent Mounting (Fits 4.7-7.2"" Smartphones) 827002",$9.99,Mechrig,,,,,,,,,,https://www.amazon.com/Mechrig-Gravity-Phone-Mount-Rotation/dp/B0F6NCWGB3/ref=sr_1_164
"Cup Phone Holder for Car with Adjustable Long Gooseneck, Car Mount Cup Cell Phone Holders for Your Car Truck Golf Cart Accessories Cradles for iPhone Samsung All 4.0-7.0 inches Smartphones",$9.99,welvath,,,,,,,,,,https://www.amazon.com/welvath-Adjustable-Gooseneck-Accessories-Smartphones/dp/B0FDKGPJ5C/ref=sr_1_165
"Lyca Mobile USA 5G/4G Prepaid SIM Card Kit | Unlimited Data, Talk, & Text to 100 Countries | Choose From Plans Starting at $19/mo.",$1.99,Lycamobile,,,,,,,,,,https://www.amazon.com/Mobile-Prepaid-Unlimited-Countries-Starting/dp/B0DCL633VM/ref=sr_1_166
"SAMSUNG GALAXY S25 USER GUIDE: Complete Beginners & Seniors Manual with Step-by-Step Tips on How to Setup, Use and Master the S25 mobile phone plus Tricks on Camera, Android 15 and One UI 7",,,,,,,,,,,,https://www.amazon.com/SAMSUNG-GALAXY-GUIDE-Step-Step/dp/B0DV48KKYJ/ref=sr_1_167
Suction Magnetic Phone Mount with 360° Rotation & Foldable Design Universal Suction Holder for Car Dashboard/Mirror Fits iPhone & All Smartphones via Magnetic Ring 826001,$15.99,Mechrig,,,,,,,,,,https://www.amazon.com/Mechrig-Universal-Dashboard-Smartphones-826001/dp/B0F6N2Q9W8/ref=sr_1_168
Smartphones and Tablets Repairs: Money Making Venture Skill,,,,,,,,,,,,https://www.amazon.com/Smartphones-Tablets-Repairs-Making-Venture-ebook/dp/B08TB8L56X/ref=sr_1_169
Mini 2-in-1 Cell Phone Fan for iPhone and Android Cellphones with Type C/USB C Port (4 Pack) - Small Personal Portable Pocket Fan Plug in Mobile Phones iPad for Outdoor Travel Commuting (Colorful),$9.99,TRIIFON,,,,,,,,,,https://www.amazon.com/Phone-Fan-iPhone-Android-Cellphones/dp/B0CBG4P6K8/ref=sr_1_170
BILLOO AND MOBILE PHONE ( PART 2 ): BILLOO,,,,,,,,,,,,https://www.amazon.com/BILLOO-MOBILE-PHONE-PART-ebook/dp/B016L5P0MA/ref=sr_1_171
"[2025 True Military-Grade] Car Phone Holder [Upgraded Strongest Suction & Clip] Cell Phone Mount for Dashboard Windshield Vent,Truck Cradle Stand for iPhone 16 Pro Max Samsung Android (Black)",$29.99,HTU,,,,,,,,,,https://www.amazon.com/Military-Grade-Upgraded-Strongest-Dashboard-Windshield/dp/B0F5TWXPYW/ref=sr_1_172
DJI Osmo Mobile 7 Gimbal Stabilizer for Smartphone 3-Axis Phone Gimbal Bundle with 2X Deco Essentials 3.5mm Clip-On Mini Lapel Microphone + LED Cordless Smartphone Ring Light + 2 Year Protection Pack,$119.99,DJI,,,,,,,,,,https://www.amazon.com/DJI-Stabilizer-Smartphone-Essentials-Microphone/dp/B0DXLJFPK7/ref=sr_1_173
"MOGO Only for iPhone, Gimbal Stabilizer for iPhone, [Apple MFi Certified] Cell Phone Gimbal Stabilizer with 360 Degree Tracking for Video Recording, NFC Pair and Magnetic for iPhone 16 Pro Max",$99.99,COMITOK,,,,,,,,,,https://www.amazon.com/COMITOK-MOGO-Stabilizer-Certified-Recording/dp/B0F8VBKFBS/ref=sr_1_174
"Miracase Cup Phone Holder for Car, [Upgraded Version] Adjustable Long Neck Car Cup Holder Phone Mount Cradle Friendly Compatible with iPhone Samsung Google and All Smartphones, Silver",$29.99,Miracase,,,,,,,,,,https://www.amazon.com/Miracase-Upgraded-Adjustable-Compatible-Smartphones/dp/B0F62884H4/ref=sr_1_175
Large Waterproof Cell Phone Pouch - 4 Pack Underwater Clear Cellphone Holder Protector - Universal Water Proof Dry Bag Case with Neck Lanyard for Samsung Galaxy Note 20 for Beach Swimming Pool,$19.99,Aussumy,,,,,,,,,,https://www.amazon.com/Large-Waterproof-Cell-Phone-Pouch/dp/B0DZ1YNR2Z/ref=sr_1_176
Smartphones and Tablets Repairs: Money Making Venture Skill,,,,,,,,,,,,https://www.amazon.com/Smartphones-Tablets-Repairs-Making-Venture-ebook/dp/B08TB8L56X/ref=sr_1_177
BILLOO AND MOBILE PHONE ( PART 2 ): BILLOO,,,,,,,,,,,,https://www.amazon.com/BILLOO-MOBILE-PHONE-PART-ebook/dp/B016L5P0MA/ref=sr_1_178
"[2025 True Military-Grade] Car Phone Holder [Upgraded Strongest Suction & Clip] Cell Phone Mount for Dashboard Windshield Vent,Truck Cradle Stand for iPhone 16 Pro Max Samsung Android (Black)",$29.99,HTU,,,,,,,,,,https://www.amazon.com/Military-Grade-Upgraded-Strongest-Dashboard-Windshield/dp/B0F5TWXPYW/ref=sr_1_179
Mobile Phone Secret Codes : मोबाइल फोन के सीक्रेट कोड: All types of secret codes including keypad and smartphone,,,,,,,,,,,,https://www.amazon.com/Mobile-Phone-Secret-Codes-smartphone-ebook/dp/B0F23FW5B9/ref=sr_1_180
DJI Osmo Mobile 7 Gimbal Stabilizer for Smartphone 3-Axis Phone Gimbal Bundle with 2X Deco Essentials 3.5mm Clip-On Mini Lapel Microphone + LED Cordless Smartphone Ring Light + 2 Year Protection Pack,$119.99,DJI,,,,,,,,,,https://www.amazon.com/DJI-Stabilizer-Smartphone-Essentials-Microphone/dp/B0DXLJFPK7/ref=sr_1_181
"Gravity Auto Lock Car Phone Mount with Clip Hook & 360° Rotation - Universal Vent Hook Holder for Dashboard/Air Vent Mounting (Fits 4.7-7.2"" Smartphones) 827002",$9.99,Mechrig,,,,,,,,,,https://www.amazon.com/Mechrig-Gravity-Phone-Mount-Rotation/dp/B0F6NCWGB3/ref=sr_1_182
"MOGO Only for iPhone, Gimbal Stabilizer for iPhone, [Apple MFi Certified] Cell Phone Gimbal Stabilizer with 360 Degree Tracking for Video Recording, NFC Pair and Magnetic for iPhone 16 Pro Max",$99.99,COMITOK,,,,,,,,,,https://www.amazon.com/COMITOK-MOGO-Stabilizer-Certified-Recording/dp/B0F8VBKFBS/ref=sr_1_183
Suction Magnetic Phone Mount with 360° Rotation & Foldable Design Universal Suction Holder for Car Dashboard/Mirror Fits iPhone & All Smartphones via Magnetic Ring 826001,$15.99,Mechrig,,,,,,,,,,https://www.amazon.com/Mechrig-Universal-Dashboard-Smartphones-826001/dp/B0F6N2Q9W8/ref=sr_1_184
"Cup Phone Holder for Car with Adjustable Long Gooseneck, Car Mount Cup Cell Phone Holders for Your Car Truck Golf Cart Accessories Cradles for iPhone Samsung All 4.0-7.0 inches Smartphones",$9.99,welvath,,,,,,,,,,https://www.amazon.com/welvath-Adjustable-Gooseneck-Accessories-Smartphones/dp/B0FDKGPJ5C/ref=sr_1_185
"Miracase Cup Phone Holder for Car, [Upgraded Version] Adjustable Long Neck Car Cup Holder Phone Mount Cradle Friendly Compatible with iPhone Samsung Google and All Smartphones, Silver",$29.99,Miracase,,,,,,,,,,https://www.amazon.com/Miracase-Upgraded-Adjustable-Compatible-Smartphones/dp/B0F62884H4/ref=sr_1_186
Create an e-book with just one mobile phone,,,,,,,,,,,,https://www.amazon.com/Create-book-just-mobile-phone-ebook/dp/B0F9V3VNVV/ref=sr_1_187
Android Smartphones For Seniors For Dummies (For Dummies (Computer/Tech)),,,,,,,,,,,,https://www.amazon.com/Android-Smartphones-Seniors-Dummies-Computer/dp/1394281579/ref=sr_1_188
"Mobile Phone Cheats, Hacks, Hints, Tips, And Tricks",,,,,,,,,,,,https://www.amazon.com/Mobile-Phone-Cheats-Hacks-Tricks-ebook/dp/B0BR19DNB5/ref=sr_1_189
Large Waterproof Cell Phone Pouch - 4 Pack Underwater Clear Cellphone Holder Protector - Universal Water Proof Dry Bag Case with Neck Lanyard for Samsung Galaxy Note 20 for Beach Swimming Pool,$19.99,Aussumy,,,,,,,,,,https://www.amazon.com/Large-Waterproof-Cell-Phone-Pouch/dp/B0DZ1YNR2Z/ref=sr_1_190
"6 Pieces Protection Stickers for Smart Phones & Cell Phone,Tablets/Laptops/Computer/Radio/WiFi Router/TV All E-Devices, Hexagon, JF-6B",$9.99,Jefuzh,,,,,,,,,,https://www.amazon.com/Jefuzh-Protection-Stickers-Computer-JF-6B/dp/B0F2H2SKTW/ref=sr_1_191
Inside Mobile Phones & Tablets: A Technician’s Guide to Components and Repair,,,,,,,,,,,,https://www.amazon.com/Inside-Mobile-Phones-Tablets-Technicians-ebook/dp/B0DVVHZD1S/ref=sr_1_192
"Gravity Lock Dual Arm Car Phone Mount with 360° Rotation & Silicone Protection - Universal Foldable Holder for Dashboard/Windshield/Seat Mounting (Fits 4.7-7.2"" Smartphones) SJ032",$15.99,Mechrig,,,,,,,,,,https://www.amazon.com/Mechrig-Gravity-Rotation-Silicone-Protection/dp/B0F6N8LSMM/ref=sr_1_193
Inside Mobile Phones & Tablets: A Technician’s Guide to Components and Repair,,,,,,,,,,,,https://www.amazon.com/Inside-Mobile-Phones-Tablets-Technicians-ebook/dp/B0DVVHZD1S/ref=sr_1_194
Mastering Mobile Phone Development,,,,,,,,,,,,https://www.amazon.com/Mastering-Mobile-Phone-Development-Pasquale-ebook/dp/B0FD8RV6VH/ref=sr_1_195
Android Smartphones For Seniors For Dummies (For Dummies (Computer/Tech)),,,,,,,,,,,,https://www.amazon.com/Android-Smartphones-Seniors-Dummies-Computer/dp/1394281579/ref=sr_1_196
The Complete Mobile Phone Repair Handbook: Your Trusted Guide to Getting It Fixed Right Every Time,,,,,,,,,,,,https://www.amazon.com/Complete-Mobile-Phone-Repair-Handbook/dp/B0DRPCN23M/ref=sr_1_197
"6 Pieces Protection Stickers for Smart Phones & Cell Phone,Tablets/Laptops/Computer/Radio/WiFi Router/TV All E-Devices, Hexagon, JF-6B",$9.99,Jefuzh,,,,,,,,,,https://www.amazon.com/Jefuzh-Protection-Stickers-Computer-JF-6B/dp/B0F2H2SKTW/ref=sr_1_198
Easy to Use Mobile Phones,,,,,,,,,,,,https://www.amazon.com/Easy-Use-Mobile-Phones-Dewsbury-ebook/dp/B008GMH7C8/ref=sr_1_199
"Gravity Auto Lock Car Phone Mount with Clip Hook & 360° Rotation - Universal Vent Hook Holder for Dashboard/Air Vent Mounting (Fits 4.7-7.2"" Smartphones) 827002",$9.99,Mechrig,,,,,,,,,,https://www.amazon.com/Mechrig-Gravity-Phone-Mount-Rotation/dp/B0F6NCWGB3/ref=sr_1_200
"DJI Mic Mini (2 TX + 1 RX + Charging Case), Wireless Microphone for iPhone/Camera/Android, Ultralight, Detail-Rich Audio, 48h Use, Noise Cancelling, Automatic Limiting, Vlog, Streaming",$169.00,DJI,,,,,,,,TX：DMMT01 RX：DMMR01 Charging Case：DMMC01,,https://www.amazon.com/DJI-Microphone-Ultralight-Detail-Rich-Cancelling/dp/B0DDL8WGH5/ref=sr_1_201
"Miracase Cup Phone Holder for Car, [Upgraded Version] Adjustable Long Neck Car Cup Holder Phone Mount Cradle Friendly Compatible with iPhone Samsung Google and All Smartphones, Silver",$29.99,Miracase,,,,,,,,,,https://www.amazon.com/Miracase-Upgraded-Adjustable-Compatible-Smartphones/dp/B0F62884H4/ref=sr_1_202
Large Waterproof Cell Phone Pouch - 4 Pack Underwater Clear Cellphone Holder Protector - Universal Water Proof Dry Bag Case with Neck Lanyard for Samsung Galaxy Note 20 for Beach Swimming Pool,$19.99,Aussumy,,,,,,,,,,https://www.amazon.com/Large-Waterproof-Cell-Phone-Pouch/dp/B0DZ1YNR2Z/ref=sr_1_203
Lightroom Mobile: A Smartphone Photography Beginner's Guide to Editing and Color Grading (Smartphone Photography for Beginners),,,,,,,,,,,,https://www.amazon.com/Lightroom-Mobile-Smartphone-Photography-Beginners-ebook/dp/B0CW1CQTL7/ref=sr_1_204
"4-IN-1 Phone Lanyard + Wrist Strap, Adjustable Length 2PCS Anti-Theft Cell Phone Strap with Tether Tab for All Phones",,,,,,,,,,,,https://www.amazon.com/TNSNK-Adjustable-Lanyard-Hands-Free-Pack-Blue/dp/B0F9XXBHGZ/ref=sr_1_205
"Cell Phone Lanyard,Adjustable Phone Strap Crossbody,Universal Phone Neck Holder for All Smartphones with Cases (Pink)",$3.99,,,,,,,,,,,https://www.amazon.com/AWOLIC-Adjustable-Crossbody-Universal-Smartphones/dp/B0DDCMMFLJ/ref=sr_1_206
"Cup Phone Holder for Car with Adjustable Long Gooseneck, Car Mount Cup Cell Phone Holders for Your Car Truck Golf Cart Accessories Cradles for iPhone Samsung All 4.0-7.0 inches Smartphones",$9.99,welvath,,,,,,,,,,https://www.amazon.com/welvath-Adjustable-Gooseneck-Accessories-Smartphones/dp/B0FDKGPJ5C/ref=sr_1_207
"Magnetic Car Phone Holder Compatible with Toyota Grand Highlander 2024-2025 Accessories 12.3 Inch Screen Fixed Clip,360°Rotation Magnet Cell Phone Mount Compatible with MagSafe",$29.99,TUYICN,,,,,,,,,,https://www.amazon.com/TUYICN-Magnetic-Car-Phone-Holder/dp/B0F8NT3X51/ref=sr_1_208
"Miracase Cup Phone Holder for Car, [Upgraded Version] Adjustable Long Neck Car Cup Holder Phone Mount Cradle Friendly Compatible with iPhone Samsung Google and All Smartphones, Silver",$29.99,Miracase,,,,,,,,,,https://www.amazon.com/Miracase-Upgraded-Adjustable-Compatible-Smartphones/dp/B0F62884H4/ref=sr_1_209
"ARZOPA Portable Monitor 15.6'' FHD 1080P - Ultra-Slim Portable Laptop Monitor with Kickstand - IPS Display for PC, MAC, Phone, Xbox, PS5 - USB C & HDMI Connectivity - A1",$86.49,ARZOPA,,,,,,15.6 Inches,FHD 1080p,,,https://www.amazon.com/ARZOPA-Portable-Monitor-15-6-1080P/dp/B0CH9XW8RK/ref=sr_1_210
Original for DJI Mic 2 Mobile Phone Adapter OEM Type-C Smartphone/PC/Mac Connector Accessories for DJI Mic 2 Receiver,$16.99,iMusk,,,,,,,,,,https://www.amazon.com/iMusk-DJI-Mic-Adapter-Type-C/dp/B0DGQWD2YK/ref=sr_1_211
Frienda 200 PCS Lanyard Phone Ring Strap for Mobile Lariat Lanyard Cell Phone Split Ring Strap for Cellphone USB Drive Keychain DIY (Morandi Color),$9.99,,,,,,,,,,,https://www.amazon.com/Frienda-Lanyard-Cellphone-Keychain-Morandi/dp/B0DSDZQDT9/ref=sr_1_212
"Cup Phone Holder for Car with Adjustable Long Gooseneck, Car Mount Cup Cell Phone Holders for Your Car Truck Golf Cart Accessories Cradles for iPhone Samsung All 4.0-7.0 inches Smartphones",$9.99,welvath,,,,,,,,,,https://www.amazon.com/welvath-Adjustable-Gooseneck-Accessories-Smartphones/dp/B0FDKGPJ5C/ref=sr_1_213
Poly Edge E450 IP Desk Phones (Plantronics + Polycom) – Easy to Install with Included Wi-Fi – 8-line Keys Supporting up to 32 Lines - Integrated Bluetooth for Mobile Phone and Headset Pairing,$116.95,Plantronics,,,,,,,,,,https://www.amazon.com/Poly-Edge-Phones-Plantronics-Polycom/dp/B0B7PCFHQF/ref=sr_1_214
,,,,,,,,,,,,https://www.amazon.com/Yanomami-Machetes-Mobile-Phones-Unavailable/dp/B01BWSEOIM/ref=sr_1_215
"APEXEL High Power 30X HD Telephoto Lens for iPhone Telephoto Lens with Tripod Attachment, for iPhone 16/15/14/13 Pro Max, Samsung, Android Phone and Most Smartphone",$89.99,APEXEL,,,,,,,,,,https://www.amazon.com/APEXEL-Telephoto-Attachment-Samsung-Smartphone/dp/B0F83XWWTQ/ref=sr_1_216
Android Phones for Seniors in easy steps: Illustrated using Android 13,,,,,,,,,,,,https://www.amazon.com/Android-Phones-Seniors-easy-steps/dp/1787910148/ref=sr_1_217
"Vacuum Magnetic Car Phone Holder,360°Adjustable Magnetic Phone Holder,Hands-Free Suction Cup Phone Mount for MagSafe,Cell Phone Holders for Your Car for All Smartphones & All Car Models",$29.99,YAOKEEP,,,,,,,,,,https://www.amazon.com/YAOKEEP-Magnetic-360%C2%B0Adjustable-Hands-Free-Smartphones/dp/B0F9XZ3YTQ/ref=sr_1_218
"Soonpho M7 Motorized Rotating Panoramic Tripod Head for Time Lapse Remote Control 360° Pan Tilt Head with Mobile Phone Clip for DSLR Cameras, Camcorders, Smartphones, Tripod",$120.00,,,,,,,,,,,https://www.amazon.com/Motorized-Rotating-Panoramic-Camcorders-Smartphones/dp/B0F59XV42N/ref=sr_1_219
Top 25 Smartphone Camera Tips & Tricks: Awesome Photographs Via Mobile Phone,,,,,,,,,,,,https://www.amazon.com/Top-Smartphone-Camera-Tips-Tricks-ebook/dp/B07TLJQG1X/ref=sr_1_220
"Galaxy Smartphone Manual for Beginners: The Perfect Galaxy Smartphone Guide for Seniors, Beginners, & New Galaxy Users",$19.95,,,,,,,,,,,https://www.amazon.com/Galaxy-Smartphone-Manual-Beginners-Perfect/dp/1734260467/ref=sr_1_221
"ULANZI MT-44 Extendable Phone Tripod, 59"" Selfie Stick Vlog Stand with 2 in 1 Phone Clip, 360° Ball Head Camera-Tripod for iPhone Sony Canon Action Camera, Lightweight for Travel",$25.95,ULANZI,,,,,,,,MT-44,,https://www.amazon.com/ULANZI-MT-44-Extendable-Tripod-Lightweight/dp/B09T92NK4J/ref=sr_1_222
A Dinosaur Looking For Reception.: The Tale of a Herd of T - Rex Dinosaurs and their ongoing and never - ending pursuit of Mobile Phone Reception!,,,,,,,,,,,,https://www.amazon.com/Dinosaur-Looking-Reception-Dinosaurs-Reception-ebook/dp/B0FG1576W7/ref=sr_1_223
"Large Waterproof Phone Pouch Floating, Waterproof Phone Case for iPhone 15 14 Pro Max 13 12 Plus 11 XS XR X Samsung up to 8.5'', IPX8 Water Proof Cell Phone Dry Bag for Beach Swimming Kayaking, Purple",$13.99,Kebrela,,,,,,,,,,https://www.amazon.com/Waterproof-Floating-Samsung-Swimming-Kayaking/dp/B0F6T756KN/ref=sr_1_224
"Large Waterproof Phone Pouch Floating, Waterproof Phone Case for iPhone 15 14 Pro Max 13 12 Plus 11 XS XR X Samsung up to 8.5'', IPX8 Water Proof Cell Phone Dry Bag for Beach Swimming Kayaking, Purple",$13.99,Kebrela,,,,,,,,,,https://www.amazon.com/Waterproof-Floating-Samsung-Swimming-Kayaking/dp/B0F6T756KN/ref=sr_1_225
"Vacuum Magnetic Car Phone Holder,360°Adjustable Magnetic Phone Holder,Hands-Free Suction Cup Phone Mount for MagSafe,Cell Phone Holders for Your Car for All Smartphones & All Car Models",$29.99,YAOKEEP,,,,,,,,,,https://www.amazon.com/YAOKEEP-Magnetic-360%C2%B0Adjustable-Hands-Free-Smartphones/dp/B0F9XZ3YTQ/ref=sr_1_226
"Hand Wrist Strap Lanyard,Universal Cell Phone Multifuctional Patch Lanyards (Burgundy)",$9.99,,,,,,,,,,,https://www.amazon.com/saxsion-Universal-Multifuctional-Lanyards-Burgundy/dp/B0F3H4WD3B/ref=sr_1_227
"Magnetic Suction Cup Phone Mount for Magsafe,360 Degree Rotation Hands-Free Vacuum Magnetic Car Phone Holder,Cell Phone Holders for Your Car/Gym/Mirror Mount for iPhone & Android",$29.99,YAOKEEP,,,,,,,,,,https://www.amazon.com/YAOKEEP-Magnetic-Suction-Rotation-Hands-Free/dp/B0F9XXDR98/ref=sr_1_228
"Pilotfish Team Phone Lanyard Strap – Universal Neck & Crossbody Cell Phone Holder, Anti‑Drop, Adjustable for iPhone & Android",,,,,,,,,,,,https://www.amazon.com/Pilotfish-Team-Phone-Lanyard-Strap/dp/B0F23DVD9N/ref=sr_1_229
"Upgraded Voltage Converter US to Europe, 220V to 110V Converter for European Travel for Hair Dryer Straightener Curling Iron, 2300W Travel Power Adapter for Laptop Tablet Camera Cell Phone",$32.99,DOACE,,,,,,,,,,https://www.amazon.com/Upgraded-Voltage-Converter-European-Straightener/dp/B0F93WYKVV/ref=sr_1_230
"Foldable Portable Vacuum Magnetic Cell Phone Holder, 360° Adjustable Vacuum Suction Car Phone Mount, Double Sided Magnetic Bracket for Car/Mirror/Gym (Black)",$15.98,MYELJO,,,,,,,,,,https://www.amazon.com/Foldable-Portable-Magnetic-Adjustable-Suction/dp/B0DQ4SG68N/ref=sr_1_231
Universal Car Phone Mount Magnetic/Orbiter Plus Dash Mount - All-Metal Car Mount Compatible with Magnets Inside MagSafe iPhones - Cell Phone Holder for Car Dashboard,$30.60,FaKugo,,,,,,,,,,https://www.amazon.com/FaKugo-Universal-Phone-Mount-Magnetic/dp/B0FBRQJQRP/ref=sr_1_232
"100Pcs NFC Tags, NTAG215 NFC Tags Blank White Card NFC Stickers Writer NFC Coin Cards Compatible with TagMo with Adhesive Back NFC Enabled Mobile Phones for Easy Fixing and Storage (1 inch)",$21.95,IIIXXVI,,,,,,,,,,https://www.amazon.com/NTAG215-Stickers-Compatible-Adhesive-Enabled/dp/B0CSYXBYFD/ref=sr_1_233
"Doormoon Phone Lanyard Tether with 4 Patch, Cell Phone Lanyard with 2* Phone Tether, 4* Patch for Outdoor Hiking Climbing, BlackClear",$13.99,,,,,,,,,,,https://www.amazon.com/Doormoon-Lanyard-Outdoor-Climbing-BlackClear/dp/B0F7KRTT1Y/ref=sr_1_234
"Magnetic Wallet Compatible with MagSafe for iPhone 16 15 14 13 12 Pro Max Plus Model, Mag 3 Safe Card Holder Stick on for Apple Cell Phone, Carbon Fiber Black",$13.99,iLodn,,,,,,,,,,https://www.amazon.com/Magnetic-Wallet-Compatible-MagSafe-iPhone/dp/B0FF347B3B/ref=sr_1_235
2PCS Cute Phone Charms Aesthetic Y2k Pink Guitar Strawberry Star Phone Straps Key Chains for Keys Bags Camera,,,,,,,,,,,,https://www.amazon.com/Nalefow-Charms-Keychains-Aesthetic-Strawberry/dp/B0F23S315K/ref=sr_1_236
"360° Rotating Phone Lanyard Tab,Ultra Thin 0.2mm Stainless Steel Adhesive Free Phone Tether Patch, Universal Metal Lanyard Holder for All Cell Phones,Gold",,,,,,,,,,,,https://www.amazon.com/starfa-lab-Rotating-Stainless-Universal/dp/B0FCFV6DF5/ref=sr_1_237
"KONDOR BLUE x Tyler Stalman | Stalman Clamp for Vertical Filmmakers | Mobile Phone Rig, Vertical Clamp with 40 Gbps USB-C Adapter, Anti-Twist Mounts & DJI Compatible | Raven Black",$75.00,KONDOR BLUE,,,,,,,,,,https://www.amazon.com/KONDOR-BLUE-Filmmakers-Anti-Twist-Compatible/dp/B0D59ZF8JF/ref=sr_1_238
"Car Rearview Mirror Phone Mount - Metal Long Arm 360° Rotating, Vehicle Rear View Mirror Phone Holder Fit Thick Cases for iPhone 16 15 14 13 12 Pro Max and All 4-7"" Smartphone",$36.99,LYFICCS,,,,,,,,,,https://www.amazon.com/LYFICCS-Rearview-Mirror-Phone-Mount/dp/B0F93TMTXP/ref=sr_1_239
"Wallet Case for Motorola Moto Edge 50 Pro 5G with Wrist Strap Card Slots Minimalist Flip Purse, Luxury PU Leather Stand Card Holder Full Body Accessories Cell Phone Cover for Women Men Black",$5.99,Furiet,,,,,,,,,,https://www.amazon.com/Furiet-Motorola-Minimalist-Leather-Accessories/dp/B0D5CNKQ4Q/ref=sr_1_240
Neoprene Cell Phone Sleeve Pouch Case Bag with Crossbody Strap Neck Lanyard for Women 7.1 X 3.9 in Sea Turtles,$15.27,otilil,,,,,,,,,,https://www.amazon.com/otilil-Neoprene-Crossbody-Lanyard-Turtles/dp/B0DPHW3H83/ref=sr_1_241
"N. NETDOT 100W Magnetic Adapter,Fast Charging & Data Transfer USB-C to USB-C Adapter for Smartphones,Tablets,Earphones etc. - 2 Pack",$11.90,N. NETDOT,,,,,,,,,,https://www.amazon.com/N-NETDOT-Magnetic-Smartphones-Earphones/dp/B0F9P399XD/ref=sr_1_242
"SYNCWIRE Magnetic Phone Ring Holder for MagSafe, 360° Rotation Dual Sided Magnet Grip Cell Phone Ring Stand Finger Kickstand Compatible with iPhone 16 15 14 13 12 Pro Max fits MagSafe - Pearl Gold",$28.99,SYNCWIRE,,,,,,,,,,https://www.amazon.com/SYNCWIRE-Magnetic-Rotation-Kickstand-Compatible/dp/B0F8VP5R9C/ref=sr_1_243
VVAAGG Cell Phone Lanyard for iPhone: 2pcs Phone Strap Adjustable Crossbody Wrist Neck Mobile Phone Lanyard with Phone Case Tabs for Travel Concert Festival Essentials (Blue),$15.99,,,,,,,,,,,https://www.amazon.com/VVAAGG-Cell-Phone-Lanyard-iPhone/dp/B0DNKFQ21K/ref=sr_1_244
for DJI MIC Mini Adapter Type-C Phone Wireless Microphone Receiver for Mic Mini Type-C Adapter Phone PC Tablet USB Mic Accessories,$21.99,,,,,,,,,,,https://www.amazon.com/Adapter-Wireless-Microphone-Receiver-Accessories/dp/B0F3CVQJ16/ref=sr_1_245
"Multifunction Car Anti-Slip Mat Auto Phone Holder, Rotatable Anti Skid Car Dashboard Pad with Temporary Parking Numbe, Universal Anti-Slip Pad (Gray Plaid)",$13.99,Tasunte,,,,,,,,,,https://www.amazon.com/Car-Anti-Slip-Auto-Phone-Holder/dp/B0FD9XGXJT/ref=sr_1_246
"JTEMAN Cell Phone Stand with Bluetooth Speaker and Charging Function,Bluetooth Audio Power Bank Bracket,Birthday Gifts for Men Women,Kitchen Gadgets for Most Phones and Tablets-Rose Gold",$29.99,JTEMAN,,,,,,,,,,https://www.amazon.com/JTEMAN-Bluetooth-Charging-Function-Tablets-Rose/dp/B0F2LLP8FP/ref=sr_1_247
"Phone Holder for Car, Wireless Charger, Mobile Phone Holder, Auto Open Auto Clamp, Cell Phone Mount, Magnetic Charging Adapter, Phone Stand, Suitable for Air Vent, Dashboard (Pink)",$24.99,Hyeguenjunivest,,,,,,,,,,https://www.amazon.com/Hyeguenjunivest-Wireless-Magnetic-Charging-Dashboard/dp/B0F8MB252B/ref=sr_1_248
"Cell Phone Stand with Bluetooth Speaker - Wireless Bluetooth Speaker with 360° Rotatable Phone Holder, Multifunctional Adjustable Stand with Charging Compatible with Tablet for Home Desk (Black)",$16.99,YuLohass,,,,,,,,,,https://www.amazon.com/Cell-Phone-Stand-Bluetooth-Speaker/dp/B0F1CNMY1B/ref=sr_1_249
"Phone Crossbody Lanyard, 120cm Marble Beaded Phone Strap with Tether Tab,Universal Cell Phone Chain for Most Phones Bag Purse",$16.99,,,,,,,,,,,https://www.amazon.com/Turkalla-Crossbody-Lanyard-Marble-Universal/dp/B0DQJHFD6F/ref=sr_1_250
"Phone Camera Lens Kit 28X Telephoto Lens for iPhone with E-Clip and Tripod, Suitable for Most Smartphones (Black)",$19.99,BNIFI,,,,,,,,,,https://www.amazon.com/Camera-Telephoto-iPhone-Suitable-Smartphones/dp/B0F5NZNXQM/ref=sr_1_251
64GB Micro Sd Card Class 10 Memory Card with sd Adapter Fast Speed TF Card for Tablet/Mobile Phone/Camera/Car Audio-2PCS,$13.86,WZPENG,,,,,,,,,,https://www.amazon.com/Memory-Adapter-Tablet-Mobile-Audio-2PCS/dp/B0F7HFFR3F/ref=sr_1_252
"Car Phone Holder, Air Vent Hands Free Adjustable Stand, Auto Cradles Dashboard Mount for Volkswagen Tiguan 2009-2017, Custom Magnetic Navigation Bracket for iPhone, All Smartphone",$19.99,VE VE POWER,,,,,,,,,,https://www.amazon.com/VE-POWER-Adjustable-Volkswagen-Navigation/dp/B0DCTLR8CM/ref=sr_1_253
"T-mobile Brand USA Prepaid Travel SIM Card Unlimited Call, Text and 4G LTE Data (for use in USA only) (for Phone use only. NOT for Modem/WiFi Devices) (30 Days)",$24.98,XGAGHB,,,,,,,,,,https://www.amazon.com/T-Mobile-Prepaid-Unlimited-United-States/dp/B0831T35C2/ref=sr_1_254
3 Pack Screen Protector Military-Grade Gorilla Tempered Glass Compatible For iPhone 16 Edge To Edge Coverage 9H hardness Screen Guard (For I Phone 16),$15.00,ZIGMA MOBILES,,,,,,6.1 Inches,,,,https://www.amazon.com/ZIGMA-MOBILES-Protector-Military-Grade-Compatible/dp/B0F5GVGYT7/ref=sr_1_255
SAMSUNG Galaxy ​S25 Ultra 5G 2025 (International Version) | GSM Unlocked (T-Mobile) | ​512GB ​Storage​ + 12GB RAM SM-S938B ​Qualcomm Snapdragon 8 Elite Android 15 Smartphone (Titanium Black),"$1,030.00",Samsung,Android 15,12 GB,,,512 GB,6.9 Inches,,Galaxy ​S25 Ultra,Unlocked for All Carriers,https://www.amazon.com/International-Unlocked-T-Mobile-Snapdragon-Smartphone/dp/B0DTHRHT25/ref=sr_1_256
"Samsung Galaxy A16 5G A Series Cell Phone, Unlocked Android Smartphone, Large AMOLED Display, Durable Design, Super Fast Charging, Expandable Storage, US Version, 2025, Blue Black (Renewed)",$158.99,Samsung,"Android 14, One UI",,,,128 GB,6.7 Inches,1880 x 2340,Galaxy A16,Unlocked for All Carriers,https://www.amazon.com/Samsung-Unlocked-Smartphone-Charging-Expandable/dp/B0FCJMPV9X/ref=sr_1_257
"OUKITEL C60 PRO Android 15 Cell Phone Unlocked 2025-24GB+256GB/TF 1TB, 10000mAh Battery, 6.88'' Display Smartphone,110dB Speaker,120LM Flashlight, 13MP Camera, 4G Dual SIM Phones, GPS/NFC/OTG/T-Mobile",$179.99,OUKITEL,Android 15,24 GB,,,256 GB,6.88 Inches,,C60Pro,T-Mobile,https://www.amazon.com/OUKITEL-Unlocked-2025-24GB-Smartphone-Flashlight/dp/B0F9T1PWG7/ref=sr_1_258
2 Pack Phone Lanyard Crossbody with 2 Phone Tabs Adjustable Cell Phones Strap Phones Chain Neck Holder Anti-Theft Charm Lanyard Strap for Universal All Smartphones Men and Women,,,,,,,,,,,,https://www.amazon.com/Ptwola-Phone-Lanyard-Crossbody-Smartphones/dp/B0F6NBX89J/ref=sr_1_259
"Phone Box for Family Time, Bamboo Cell Phone Jail, 3 Sections Hold 6 Phones, with Charging Holes, Phone Holder Self-Discipline Box, Help Kids Adults Focus Back, Mobile Phone Addiction (Wood)",$49.96,Lzttyee,,,,,,,,,,https://www.amazon.com/Lzttyee-Sections-Charging-Self-Discipline-Addiction/dp/B0F2F8XS11/ref=sr_1_260
"DOOGEE Blade 20 Android 15 Rugged Smartphone,10300mAh/18W,20GB+128GB/TF 2TB Octa Core Rugged Phone,6.6"" HD+ Gaming Phones,16MP Camera,IP68/IP69K Waterproof Phone,Triple Slot/NFC/Face ID/GPS",$169.98,DOOGEE,Android 15,20 GB,Others,1.6 GHz,128 GB,6.6 Inches,,Blade 20,Unlocked for All Carriers,https://www.amazon.com/DOOGEE-Blade-20-Smartphone-Waterproof/dp/B0F29D4KGZ/ref=sr_1_261
X1 2025 New 4G LTE GSM Unlocked Cell Phone 6.5” HD+ Screen Mobile Phones 2GB RAM Android 10 Smart Phone 16MP Smartphone Dual SIM (for T-Mobile Metro Mint Tello USA Market) Face Unlock (Gold),$68.98,HeyxFome,Android,2 GB,Unknown,,16 GB,6.5 Inches,1600 x 720,HeyxFome X1,T-Mobile,https://www.amazon.com/HeyxFome-Unlocked-4000mAh-Smartphone-T-Mobile/dp/B0CJ7WNXJ5/ref=sr_1_262
"SAIJI Gooseneck Bed Phone Holder, Flexible Long Arm Phone Mount for Desk, Clip Bracket Clamp Stand, iPhone Stand, Mobile Cell Phone Stand Document Camera Nintendo Switch (Black)",$12.99,SAIJI,,,,,,,,,,https://www.amazon.com/Gooseneck-Universal-Flexible-Bracket-4-0-6-3/dp/B07P2VK93P/ref=sr_1_263
Phone Tether Tab for iPhone Cell Phone Lanyard Patch Metal with 2 Rings Phone Lanyard Tabs for Cell Phone Strap,,,,,,,,,,,,https://www.amazon.com/CXWUZH-Phone-Tether-iPhone-Lanyard/dp/B0F1S7G8S9/ref=sr_1_264
"GameSir X5 Lite Mobile Gaming Controller for Android, iPhone 15/iPhone 16 Series, iPad Mini 6/7(USB-C), Type-C Phone Controller with Hall Effect Sticks, Turbo Function for Call Of Duty, Genshin Impact, Minecraft, Plug and Play Gamepad(Wasabi)",$34.99,,,,,,,,,,,https://www.amazon.com/GameSir-Controller-Android-Phone-Function-Minecraft/dp/B0F4WWQ738/ref=sr_1_265
"LISEN Air Vent Phone Holder for Car, Phone Holders for Your Car Vent Wider Clamp & Metal Hook Phone Holder [Thick Cases Friendly] 360° Rotation, Car Phone Holder for iPhone Samsung Smartphones",$9.98,LISEN,,,,,,,,,,https://www.amazon.com/LISEN-Phone-Holder-Upgrade-Never/dp/B09LLX2BQT/ref=sr_1_266
"Magnetic Tripod for iPhone 12/13/14/15/16 & MagSafe Cases | Handy Phone Stand | 20 N52 Magnets Inside, Cold Shoe Mount, 1/4"" Screw & Foldable Hook",$25.99,SHINEWEE,,,,,,,,Magnetic Handy Tripod for iPhone,,https://www.amazon.com/Magnetic-Tripod-MagSafe-Magnets-Foldable/dp/B0DZG8WH4N/ref=sr_1_267
Google Pixel Fold - Unlocked Android 5G Smartphone with Telephoto Lens and Ultrawide Lens - Foldable Display - 24-Hour Battery - Obsidian - 256 GB,$749.99,Google,Android 13.0,12 GB,A-Series,3.4 GHz,256 GB,5.8 Inches,2560 x 1440,Pixel Fold,,https://www.amazon.com/Google-Pixel-Fold-Smartphone-Telephoto/dp/B0C34DL6Z7/ref=sr_1_268
"Upgraded 360° Vacuum Magnetic Phone Holder, Magnetic Car Phone Mount, Hands-Free Suction Cup Phone Holder for Car/Gym/Mirror/Shower, Car Mount Compatible with iPhone 16 Pro Max/Android",$21.99,snanlen,,,,,,,,,,https://www.amazon.com/snanlen-Upgraded-Magnetic-Hands-Free-Compatible/dp/B0DRJTGVQS/ref=sr_1_269
"3 in 1 GaN Charger, 80w Max Fast Charger Module with Retractable Type-C Cable and 2 USB Ports for iPhone, Mobile Phones, Laptops, Tablets (Green)",$22.99,Luvandier,,,,,,,,,,https://www.amazon.com/Charger-Module-Retractable-Laptops-Tablets/dp/B0FB3SL4Y7/ref=sr_1_270
"Lamicall Bike Phone Holder, Motorcycle Mount - Motorcycle Phone Holder, Handlebar Cell Phone Clamp, Scooter Phone Clip for iPhone 16 Pro Max/Plus, 15 Pro Max, S10, S20, More 4.7"" to 6.8"" Smartphones",$15.99,Lamicall,,,,,,,,,,https://www.amazon.com/Phone-Holder-Mount-Bike-Handlebar/dp/B085DMV7XD/ref=sr_1_271
"Sucky Upgraded Magnetic Suction Cell Phone Grip for MagSafe Case, Silicone Octo Cup Buddy Holder, Durable Magnet Phone Accessory for iPhone and Android (Pearl White)",$9.97,Sucky,,,,,,,,,,https://www.amazon.com/Sucky-Upgraded-Magnetic-Silicone-Accessory/dp/B0F5QW9VFC/ref=sr_1_272
"LISEN Air Vent Phone Holder for Car, Phone Holders for Your Car Vent Wider Clamp & Metal Hook Phone Holder [Thick Cases Friendly] 360° Rotation, Car Phone Holder for iPhone Samsung Smartphones",$9.98,LISEN,,,,,,,,,,https://www.amazon.com/LISEN-Phone-Holder-Upgrade-Never/dp/B09LLX2BQT/ref=sr_1_273
"Magnetic Tripod for iPhone 12/13/14/15/16 & MagSafe Cases | Handy Phone Stand | 20 N52 Magnets Inside, Cold Shoe Mount, 1/4"" Screw & Foldable Hook",$25.99,SHINEWEE,,,,,,,,Magnetic Handy Tripod for iPhone,,https://www.amazon.com/Magnetic-Tripod-MagSafe-Magnets-Foldable/dp/B0DZG8WH4N/ref=sr_1_274
Android Smartphones Made Easy: The Beginners Guide Made For Beginners (Computers Made Easy),$17.99,,,,,,,,,,,https://www.amazon.com/Android-Smartphones-Made-Easy-Beginners/dp/1086026837/ref=sr_1_275
Google Pixel Fold - Unlocked Android 5G Smartphone with Telephoto Lens and Ultrawide Lens - Foldable Display - 24-Hour Battery - Obsidian - 256 GB,$749.99,Google,Android 13.0,12 GB,A-Series,3.4 GHz,256 GB,5.8 Inches,2560 x 1440,Pixel Fold,,https://www.amazon.com/Google-Pixel-Fold-Smartphone-Telephoto/dp/B0C34DL6Z7/ref=sr_1_276
"Upgraded 360° Vacuum Magnetic Phone Holder, Magnetic Car Phone Mount, Hands-Free Suction Cup Phone Holder for Car/Gym/Mirror/Shower, Car Mount Compatible with iPhone 16 Pro Max/Android",$21.99,snanlen,,,,,,,,,,https://www.amazon.com/snanlen-Upgraded-Magnetic-Hands-Free-Compatible/dp/B0DRJTGVQS/ref=sr_1_277
"3 in 1 GaN Charger, 80w Max Fast Charger Module with Retractable Type-C Cable and 2 USB Ports for iPhone, Mobile Phones, Laptops, Tablets (Green)",$22.99,Luvandier,,,,,,,,,,https://www.amazon.com/Charger-Module-Retractable-Laptops-Tablets/dp/B0FB3SL4Y7/ref=sr_1_278
"Lamicall Bike Phone Holder, Motorcycle Mount - Motorcycle Phone Holder, Handlebar Cell Phone Clamp, Scooter Phone Clip for iPhone 16 Pro Max/Plus, 15 Pro Max, S10, S20, More 4.7"" to 6.8"" Smartphones",$15.99,Lamicall,,,,,,,,,,https://www.amazon.com/Phone-Holder-Mount-Bike-Handlebar/dp/B085DMV7XD/ref=sr_1_279
"Sucky Upgraded Magnetic Suction Cell Phone Grip for MagSafe Case, Silicone Octo Cup Buddy Holder, Durable Magnet Phone Accessory for iPhone and Android (Pearl White)",$9.97,Sucky,,,,,,,,,,https://www.amazon.com/Sucky-Upgraded-Magnetic-Silicone-Accessory/dp/B0F5QW9VFC/ref=sr_1_280
AINOPE Car Phone Holders for Your Car [Ultra Convenient] Air Vent Phone Mount [Thick Cases Friendly] Cell Phone Holder Car Accessories for Women Men for iPhone 16 Pro Max 15 Samsung S25 Ultra Black,$17.99,AINOPE,,,,,,,,,,https://www.amazon.com/AINOPE-Gravity-Upgraded-Compatible-Smartphone/dp/B089LDX88M/ref=sr_1_281
"LISEN Magnetic Phone Holder for Car - Upgraded Clip Ultra 6 Strong Magnets, Phone Magnets for Back of Phone, Soporte de Telefono para carro for Galaxy S25 Ultra 4-6.7 inch Smartphones (Black)",$9.99,LISEN,,,,,,,,,,https://www.amazon.com/LISEN-Magnetic-Install-Friendly-Smartphones/dp/B07YRKDF4P/ref=sr_1_282
Magsafe Car Magnetic Phone Mount for Mercedes Benz G-Class 2019 2020 2021 2022 2023 2024 G Wagon G550 G500 AMG G63 G55 W463 Auto Accessories Cell Phones Holder Fast 15W Wireless Charger,$36.98,LUNQIN,,,,,,,,,,https://www.amazon.com/LUNQIN-Magnetic-Mercedes-Accessories-Wireless/dp/B0F3135D2V/ref=sr_1_283
"I25 Ultra 5G Unlocked Smartphone,12GB+512GB 7000mAh Fully Cell Phone for Android 14,6.99“ HD Screen Unlocked Cell Phone, 68MP+108MP Dual Camera/Dual SIM/Fingerprint Lock/Face (Titanium Blue)",$199.99,zrchjm,Android 14,12 GB,Snapdragon,,512 GB,6.99 Inches,,I25 Ultra,Unlocked for All Carriers,https://www.amazon.com/zrchjm-I25-Ultra-Smartphone-Fingerprint/dp/B0F2JJVXB7/ref=sr_1_284
VICSEED True Military-Grade Phone Holders for Your Car [Upgraded 95+LBS Strongest Suction] Cell Phone Mount for Car Dashboard Windshield Vent Truck Boat Stand Adjustable for iPhone Android,$26.58,VICSEED,,,,,,,,,,https://www.amazon.com/Universal-VICSEED-Dashboard-Windshield-Compatible/dp/B07R1QZ8V1/ref=sr_1_285
"Foldable Magnetic Phone Tripod for iPhone, Mini Tripod Pocket Cell Phone Stand Smartphone Desk Stand, Portable Magnetic Phone Stand with iPhone 16 15 14 13 12, Black",$20.99,SULISAIS,,,,,,,,,,https://www.amazon.com/SULISAIS-Foldable-Magnetic-Smartphone-Portable/dp/B0F3321STF/ref=sr_1_286
"Kishi V3 Pro Gaming Controller for iPhone 15 & 16, Android & iPad mini up to 8"": Full Sized TMR Thumbsticks - Dual Back Buttons - Wired & Remote Play for PC - Haptics - 3 Free Months of Apple Arcade",$149.99,,,,,,,,,,,https://www.amazon.com/Kishi-Gaming-Controller-iPhone-Android-Smartphone/dp/B0F231T7BG/ref=sr_1_287
"UMIDIGI G9A Cell Phone, Android 14 Go Unlocked Phone, 8GB+64GB/TF 1TB Expend Octa-Core, 4G Dual SIM Card, 3.5mm Headphone Jack Phones 6.75""HD+Display AI Face Unlock Android Phone, 5000mAh, GPS(White)",$89.99,UMIDIGI,Android 14 Go,8 GB,,1.6E+3 MHz,64 GB,6.75 Inches,1600 x 720,G9A,China Mobile,https://www.amazon.com/UMIDIGI-G9A-Unlocked-Octa-Core-Headphone/dp/B0DMT4DNN7/ref=sr_1_288
"UMIDIGI G9A Cell Phone, Android 14 Go Unlocked Phone, 8GB+64GB/TF 1TB Expend Octa-Core, 4G Dual SIM Card, 3.5mm Headphone Jack Phones 6.75""HD+Display AI Face Unlock Android Phone, 5000mAh, GPS(White)",$89.99,UMIDIGI,Android 14 Go,8 GB,,1.6E+3 MHz,64 GB,6.75 Inches,1600 x 720,G9A,China Mobile,https://www.amazon.com/UMIDIGI-G9A-Unlocked-Octa-Core-Headphone/dp/B0DMT4DNN7/ref=sr_1_289
"UGREEN Cell Phone Stand for Desk Phone Holder Foldable Portable Adjustable Compatible with iPhone 16 15 14 13 Pro Max, iPhone 12 11 Plus SE XS XR 8 7, Office Desk Travel Accessories, Black",$8.99,UGREEN,,,,,,,,,,https://www.amazon.com/UGREEN-Compatible-Smartphone-Adjustable-Foldable/dp/B07BK5P5ST/ref=sr_1_290
"BOXOB Cell Phone Umbrella Clip, Adjustable Cell Phone Umbrella Sun Shade Clip Mini Shade Cover for Protect Cellphone Device Screen from Sun Rain",,,,,,,,,,,,https://www.amazon.com/Umbrella-Adjustable-Protect-Cellphone-Device/dp/B0F9YL9GDJ/ref=sr_1_291
"Blackview Shark8 Unlocked Phones, 16GB+256GB/SD 2TB Android Phones, MTK G99, 120Hz 6.78"" FHD+, 33W Fast Charge 5000mAh, Android 13 Mobile Phone, 64MP Camera, NFC/Fingerprint/198g, T-Mobile Cellphone",$159.99,Blackview,Android,8 GB,,,256 GB,6.78 Inches,2460 x 1080,SHARK 8(8+256) Blakcview Phone 2025US,T-Mobile,https://www.amazon.com/Blackview-Unlocked-Phone-Fingerprint-Cellphone/dp/B0CRL582FN/ref=sr_1_292
"8849 Tank 2 Pro Rugged Smartphone Unlocked, 24+512GB/1TB Android 14 Rugged Cell Phone with Projector, 6.79’’ 4G Waterproof Mobile Phones 23800mAh, Fingerprint/Dual Sim/OTG/GPS/Face ID",$469.99,8849,Android 14,12 GB,MediaTek Kompanio 800T,2.2 GHz,512 GB,6.79 Inches,2460 x 1080,TANK 2 Pro,T-Mobile,https://www.amazon.com/8849-Pro-Smartphone-Waterproof-Fingerprint/dp/B0DJVSFQKD/ref=sr_1_293
512GB USB C Flash Drive Dual USB 3.0 Flash Drive Type C + USB A Portable Type-C Flash Drive 2-in-1 USB-C Thumb Drive for Smartphone Tablet Computer Mac iPhone 16 Black,$51.99,JOIOT,,,,,512 GB,,,,,https://www.amazon.com/JOIOT-Portable-Type-C-Smartphone-Computer/dp/B0FC1J4YJX/ref=sr_1_294
,,,,,,,,,,,,https://www.amazon.com/Rise-Fall-Nokia-Mobile/dp/B0CH1LNQMF/ref=sr_1_295
"Cell Phone Holster with Card Holder Pouch Belt Clip Men for Samsung Galaxy S25 S24 S23 S22 S21 S20 Ultra A16 A15 A14 A13 A55, XL-Black",$14.99,COANJIUO,,,,,,,,,,https://www.amazon.com/COANJIUO-Holster-Holder-Samsung-XL-Black/dp/B0F832FZY9/ref=sr_1_296
"Bcofo Wireless Mobile Game Controller for iOS/iPhone/Android/Cell Phone/Switch/Laptop, Gaming Gamepad with Phone Clip for Gamers, Hall Effect Triggers, Wired PC Control, with RGB LED Lighting/Vibration/6-Axis Gyro/Turbo (White)",$34.19,,,,,,,,,,,https://www.amazon.com/Wireless-Controller-Triggers-PC-Lighting-Vibration/dp/B0F5HDJSXH/ref=sr_1_297
"Cell Phone Stand with Bluetooth Speaker and Remote Control(Video Control/Camera Control),Portable Bluetooth Speaker for Home and Outdoors,All Day Playtime,Compatible with iOS/Android,Birthday Gift",$23.99,HOIFA,,,,,,,,,,https://www.amazon.com/Bluetooth-Portable-Outdoors-Playtime-Compatible/dp/B0DZ5X7LZN/ref=sr_1_298
Dual Magnetic Phone Tripod Foldable Double Magnet Mount Pocket Cell Phone Stand for iPhone 16/15/14/13/12 Plus Max for Ipad Travel Gym Magnetic Tripod [US Patent Registered],$39.99,MOSENVKA,,,,,,,,BK03,,https://www.amazon.com/MOSENVKA-Magnetic-Tripod-Foldable-Registered/dp/B0F296V2H2/ref=sr_1_299
"2PCS Mobile Phone Navigation Magnetic Bracket, L Type 360° Rotatable Car Phone Mount, Strong Magnet Mount for Any Smartphone (Red)",$15.99,Generic,,,,,,,,,,https://www.amazon.com/Navigation-Magnetic-Bracket-Rotatable-Smartphone/dp/B0F2MW2LGF/ref=sr_1_300
"Vacuum Magnetic Suction Phone Holder,Doubled Sided Universal Cellphone Holder Stand for Car/Home/Smooth Surface/Mirror/Glass Foldable and Retractable Vacuum Magnetic Suction Phone Mount Bracket (B)",$15.99,LYW,,,,,,,,,,https://www.amazon.com/Magnetic-Universal-Cellphone-Foldable-Retractable/dp/B0F314P4BY/ref=sr_1_301
Clear Crystal Glitter Collapsible Expanding Moblile Cell Phone Grip Stand Holder for Smartphones and Tablets Phone Accessory Blue Ocean Beach (Magnetic Type),$18.99,WUYULB,,,,,,,,,,https://www.amazon.com/Collapsible-Expanding-Smartphones-Accessory-Magnetic/dp/B0F93YXFYY/ref=sr_1_302
"[True Military-Grade] Car Phone Holder【2025 Stronger Suction & Clip】 Universal Cell Phone Holder for Car Mount for Dashboard Windshield Air Vent for iPhone 16 Pro Max 15 Samsung,Black",$27.97,HTU,,,,,,,,,,https://www.amazon.com/Military-Grade-Holder%E3%80%902024-Universal-Dashboard-Windshield/dp/B0995LRBCF/ref=sr_1_303
"GameSir G8 Plus Bluetooth Mobile Game Controller for Switch & iOS & Android & Tablets, Wireless Gamepad with Hall Effect Joysticks/Hall Trigger, Play Minecraft, Genshin Impact, Call of Duty Mobile",$79.99,,,,,,,,,,,https://www.amazon.com/Bluetooth-Controller-iOS-Wireless-Joysticks-Minecraft/dp/B0D8JJRCJN/ref=sr_1_304
15/25/3500 Phone Holder Mount Compatible with Chevy Silverado 2022-2025 Accessories Custom Fit Screen & Mobile Phone Stand 360°Adjustable Cell Phone Stability Car Decoration Car Mount (13.4Inch),$26.99,,,,,,,,,,,https://www.amazon.com/Compatible-Silverado-Accessories-360%C2%B0Adjustable-Decoration/dp/B0F5VTJBTV/ref=sr_1_305
"Lamicall Motorcycle Phone Mount Holder - [Dual Vibration Dampener] [Metal Adjustment Arm] Motorcycle Cell Phone Holder, Bike Handlebar Phone Mount, for iPhone 16 15 14 Pro Max, 4.7-6.7"" Phones, Red",$36.99,Lamicall,,,,,,,,,,https://www.amazon.com/Lamicall-Motorcycle-Phone-Mount-Holder/dp/B0F65RJ63P/ref=sr_1_306
